Folder,Caption,File Path
bestdeals,Home Depot - DEWALT 20V MAX ToughSystem 6-Tool Combo Kit - $499 (Save $250) + Free Shipping,C:\Users\Asus\AppData\Local\Instaloader\Data\bestdeals\2025-02-26_21-03-21_UTC.txt
bestdeals,Natural Australian opal doublets 6.35ct only $64 Reference coin is a penny 19mm or 3/4â€ please claim with me or mine First class usps shipping $6 international shipping $23 Canada $15 Please send dm if international first one to claim me or mine wins!!! #natural #bestdeals  #turquoise for sale #turquoiseterritory #turquoise over diamonds #cab #cabs #cabochon #cabochonmaker #cabsforsale #camericanturquoiseabsupplier # #turquoise #nevada #forsale #turquoiseoverdiamonds #cabsforsale #cabachonsupplier #cabachons #silversmith #turquoisejewelry #turquoiseterritory #cabsforsale #instasmithy #roystonturquoise #sonorangoldturquoise,C:\Users\Asus\AppData\Local\Instaloader\Data\bestdeals\2025-02-26_21-03-25_UTC.txt
bestdeals,Natural Australian opal doublets 3.5mm 4.24ct only $42 Reference coin is a penny 19mm or 3/4â€ please claim with me or mine First class usps shipping $6 international shipping $23 Canada $15 Please send dm if international first one to claim me or mine wins!!! #natural #bestdeals  #turquoise for sale #turquoiseterritory #turquoise over diamonds #cab #cabs #cabochon #cabochonmaker #cabsforsale #camericanturquoiseabsupplier # #turquoise #nevada #forsale #turquoiseoverdiamonds #cabsforsale #cabachonsupplier #cabachons #silversmith #turquoisejewelry #turquoiseterritory #cabsforsale #instasmithy #roystonturquoise #sonorangoldturquoise,C:\Users\Asus\AppData\Local\Instaloader\Data\bestdeals\2025-02-26_21-04-16_UTC.txt
bestdeals,Natural Australian opal doublets 4.35ct only $44 Reference coin is a penny 19mm or 3/4â€ please claim with me or mine First class usps shipping $6 international shipping $23 Canada $15 Please send dm if international first one to claim me or mine wins!!! #natural #bestdeals  #turquoise for sale #turquoiseterritory #turquoise over diamonds #cab #cabs #cabochon #cabochonmaker #cabsforsale #camericanturquoiseabsupplier # #turquoise #nevada #forsale #turquoiseoverdiamonds #cabsforsale #cabachonsupplier #cabachons #silversmith #turquoisejewelry #turquoiseterritory #cabsforsale #instasmithy #roystonturquoise #sonorangoldturquoise,C:\Users\Asus\AppData\Local\Instaloader\Data\bestdeals\2025-02-26_21-05-04_UTC.txt
bestdeals,Natural Australian opal doublets 5.44ct only $54 Reference coin is a penny 19mm or 3/4â€ please claim with me or mine First class usps shipping $6 international shipping $23 Canada $15 Please send dm if international first one to claim me or mine wins!!! #natural #bestdeals  #turquoise for sale #turquoiseterritory #turquoise over diamonds #cab #cabs #cabochon #cabochonmaker #cabsforsale #camericanturquoiseabsupplier # #turquoise #nevada #forsale #turquoiseoverdiamonds #cabsforsale #cabachonsupplier #cabachons #silversmith #turquoisejewelry #turquoiseterritory #cabsforsale #instasmithy #roystonturquoise #sonorangoldturquoise,C:\Users\Asus\AppData\Local\Instaloader\Data\bestdeals\2025-02-26_21-05-55_UTC.txt
bestdeals,Natural Australian opal doublets 2.2ct only $22 Reference coin is a penny 19mm or 3/4â€ please claim with me or mine First class usps shipping $6 international shipping $23 Canada $15 Please send dm if international first one to claim me or mine wins!!! #natural #bestdeals  #turquoise for sale #turquoiseterritory #turquoise over diamonds #cab #cabs #cabochon #cabochonmaker #cabsforsale #camericanturquoiseabsupplier # #turquoise #nevada #forsale #turquoiseoverdiamonds #cabsforsale #cabachonsupplier #cabachons #silversmith #turquoisejewelry #turquoiseterritory #cabsforsale #instasmithy #roystonturquoise #sonorangoldturquoise,C:\Users\Asus\AppData\Local\Instaloader\Data\bestdeals\2025-02-26_21-06-43_UTC.txt
bestdeals,Natural Australian opal doublet 15.92ct only $127 Reference coin is a penny 19mm or 3/4â€ please claim with me or mine First class usps shipping $6 international shipping $23 Canada $15 Please send dm if international first one to claim me or mine wins!!! #natural #bestdeals  #turquoise for sale #turquoiseterritory #turquoise over diamonds #cab #cabs #cabochon #cabochonmaker #cabsforsale #camericanturquoiseabsupplier # #turquoise #nevada #forsale #turquoiseoverdiamonds #cabsforsale #cabachonsupplier #cabachons #silversmith #turquoisejewelry #turquoiseterritory #cabsforsale #instasmithy #roystonturquoise #sonorangoldturquoise,C:\Users\Asus\AppData\Local\Instaloader\Data\bestdeals\2025-02-26_21-07-33_UTC.txt
bestdeals,Natural Australian opal doublet 1.61ct only $16 Reference coin is a penny 19mm or 3/4â€ please claim with me or mine First class usps shipping $6 international shipping $23 Canada $15 Please send dm if international first one to claim me or mine wins!!! #natural #bestdeals  #turquoise for sale #turquoiseterritory #turquoise over diamonds #cab #cabs #cabochon #cabochonmaker #cabsforsale #camericanturquoiseabsupplier # #turquoise #nevada #forsale #turquoiseoverdiamonds #cabsforsale #cabachonsupplier #cabachons #silversmith #turquoisejewelry #turquoiseterritory #cabsforsale #instasmithy #roystonturquoise #sonorangoldturquoise,C:\Users\Asus\AppData\Local\Instaloader\Data\bestdeals\2025-02-26_21-08-34_UTC.txt
bestdeals,Natural Australian opal doublets 5.44ct only $54 Reference coin is a penny 19mm or 3/4â€ please claim with me or mine First class usps shipping $6 international shipping $23 Canada $15 Please send dm if international first one to claim me or mine wins!!! #natural #bestdeals  #turquoise for sale #turquoiseterritory #turquoise over diamonds #cab #cabs #cabochon #cabochonmaker #cabsforsale #camericanturquoiseabsupplier # #turquoise #nevada #forsale #turquoiseoverdiamonds #cabsforsale #cabachonsupplier #cabachons #silversmith #turquoisejewelry #turquoiseterritory #cabsforsale #instasmithy #roystonturquoise #sonorangoldturquoise,C:\Users\Asus\AppData\Local\Instaloader\Data\bestdeals\2025-02-26_21-09-26_UTC.txt
bestdeals,Natural Australian opal doublets 4.14ct only $40 Reference coin is a penny 19mm or 3/4â€ please claim with me or mine First class usps shipping $6 international shipping $23 Canada $15 Please send dm if international first one to claim me or mine wins!!! #natural #bestdeals  #turquoise for sale #turquoiseterritory #turquoise over diamonds #cab #cabs #cabochon #cabochonmaker #cabsforsale #camericanturquoiseabsupplier # #turquoise #nevada #forsale #turquoiseoverdiamonds #cabsforsale #cabachonsupplier #cabachons #silversmith #turquoisejewelry #turquoiseterritory #cabsforsale #instasmithy #roystonturquoise #sonorangoldturquoise,C:\Users\Asus\AppData\Local\Instaloader\Data\bestdeals\2025-02-26_21-10-13_UTC.txt
bestdeals,Natural Australian opal doublets 2.5ct only $25 Reference coin is a penny 19mm or 3/4â€ please claim with me or mine First class usps shipping $6 international shipping $23 Canada $15 Please send dm if international first one to claim me or mine wins!!! #natural #bestdeals  #turquoise for sale #turquoiseterritory #turquoise over diamonds #cab #cabs #cabochon #cabochonmaker #cabsforsale #camericanturquoiseabsupplier # #turquoise #nevada #forsale #turquoiseoverdiamonds #cabsforsale #cabachonsupplier #cabachons #silversmith #turquoisejewelry #turquoiseterritory #cabsforsale #instasmithy #roystonturquoise #sonorangoldturquoise,C:\Users\Asus\AppData\Local\Instaloader\Data\bestdeals\2025-02-26_21-11-00_UTC.txt
bestdeals,Natural Australian opal doublets 3.5mm 1.2ct only $12 Reference coin is a penny 19mm or 3/4â€ please claim with me or mine First class usps shipping $6 international shipping $23 Canada $15 Please send dm if international first one to claim me or mine wins!!! #natural #bestdeals  #turquoise for sale #turquoiseterritory #turquoise over diamonds #cab #cabs #cabochon #cabochonmaker #cabsforsale #camericanturquoiseabsupplier # #turquoise #nevada #forsale #turquoiseoverdiamonds #cabsforsale #cabachonsupplier #cabachons #silversmith #turquoisejewelry #turquoiseterritory #cabsforsale #instasmithy #roystonturquoise #sonorangoldturquoise,C:\Users\Asus\AppData\Local\Instaloader\Data\bestdeals\2025-02-26_21-11-57_UTC.txt
bestdeals,Natural Australian opal doublets 5.77ct only $58 Reference coin is a penny 19mm or 3/4â€ please claim with me or mine First class usps shipping $6 international shipping $23 Canada $15 Please send dm if international first one to claim me or mine wins!!! #natural #bestdeals  #turquoise for sale #turquoiseterritory #turquoise over diamonds #cab #cabs #cabochon #cabochonmaker #cabsforsale #camericanturquoiseabsupplier # #turquoise #nevada #forsale #turquoiseoverdiamonds #cabsforsale #cabachonsupplier #cabachons #silversmith #turquoisejewelry #turquoiseterritory #cabsforsale #instasmithy #roystonturquoise #sonorangoldturquoise,C:\Users\Asus\AppData\Local\Instaloader\Data\bestdeals\2025-02-26_21-12-47_UTC.txt
bestdeals,Natural Australian opal doublets 5.07ct only $51 Reference coin is a penny 19mm or 3/4â€ please claim with me or mine First class usps shipping $6 international shipping $23 Canada $15 Please send dm if international first one to claim me or mine wins!!! #natural #bestdeals  #turquoise for sale #turquoiseterritory #turquoise over diamonds #cab #cabs #cabochon #cabochonmaker #cabsforsale #camericanturquoiseabsupplier # #turquoise #nevada #forsale #turquoiseoverdiamonds #cabsforsale #cabachonsupplier #cabachons #silversmith #turquoisejewelry #turquoiseterritory #cabsforsale #instasmithy #roystonturquoise #sonorangoldturquoise,C:\Users\Asus\AppData\Local\Instaloader\Data\bestdeals\2025-02-26_21-13-52_UTC.txt
bestdeals,Natural Australian opal doublets 4ct only $40 Reference coin is a penny 19mm or 3/4â€ please claim with me or mine First class usps shipping $6 international shipping $23 Canada $15 Please send dm if international first one to claim me or mine wins!!! #natural #bestdeals  #turquoise for sale #turquoiseterritory #turquoise over diamonds #cab #cabs #cabochon #cabochonmaker #cabsforsale #camericanturquoiseabsupplier # #turquoise #nevada #forsale #turquoiseoverdiamonds #cabsforsale #cabachonsupplier #cabachons #silversmith #turquoisejewelry #turquoiseterritory #cabsforsale #instasmithy #roystonturquoise #sonorangoldturquoise,C:\Users\Asus\AppData\Local\Instaloader\Data\bestdeals\2025-02-26_21-15-51_UTC.txt
bestdeals,Natural Australian opal doublets 10.36ct only $104 Reference coin is a penny 19mm or 3/4â€ please claim with me or mine First class usps shipping $6 international shipping $23 Canada $15 Please send dm if international first one to claim me or mine wins!!! #natural #bestdeals  #turquoise for sale #turquoiseterritory #turquoise over diamonds #cab #cabs #cabochon #cabochonmaker #cabsforsale #camericanturquoiseabsupplier # #turquoise #nevada #forsale #turquoiseoverdiamonds #cabsforsale #cabachonsupplier #cabachons #silversmith #turquoisejewelry #turquoiseterritory #cabsforsale #instasmithy #roystonturquoise #sonorangoldturquoise,C:\Users\Asus\AppData\Local\Instaloader\Data\bestdeals\2025-02-26_21-16-35_UTC.txt
bestdeals,Natural Australian opal doublets 5.87ct only $59 Reference coin is a penny 19mm or 3/4â€ please claim with me or mine First class usps shipping $6 international shipping $23 Canada $15 Please send dm if international first one to claim me or mine wins!!! #natural #bestdeals  #turquoise for sale #turquoiseterritory #turquoise over diamonds #cab #cabs #cabochon #cabochonmaker #cabsforsale #camericanturquoiseabsupplier # #turquoise #nevada #forsale #turquoiseoverdiamonds #cabsforsale #cabachonsupplier #cabachons #silversmith #turquoisejewelry #turquoiseterritory #cabsforsale #instasmithy #roystonturquoise #sonorangoldturquoise,C:\Users\Asus\AppData\Local\Instaloader\Data\bestdeals\2025-02-26_21-17-19_UTC.txt
bestdeals,**ğŸš¨Unbeatable Deal!ğŸš¨**,C:\Users\Asus\AppData\Local\Instaloader\Data\bestdeals\2025-02-26_21-21-38_UTC.txt
bestdeals,Natural Australian opal doublets 1.8ct only $18 Reference coin is a penny 19mm or 3/4â€ please claim with me or mine First class usps shipping $6 international shipping $23 Canada $15 Please send dm if international first one to claim me or mine wins!!! #natural #bestdeals  #turquoise for sale #turquoiseterritory #turquoise over diamonds #cab #cabs #cabochon #cabochonmaker #cabsforsale #camericanturquoiseabsupplier # #turquoise #nevada #forsale #turquoiseoverdiamonds #cabsforsale #cabachonsupplier #cabachons #silversmith #turquoisejewelry #turquoiseterritory #cabsforsale #instasmithy #roystonturquoise #sonorangoldturquoise,C:\Users\Asus\AppData\Local\Instaloader\Data\bestdeals\2025-02-26_21-21-43_UTC.txt
bestdeals,Natural Australian opal doublets only $15 Reference coin is a penny 19mm or 3/4â€ please claim with me or mine First class usps shipping $6 international shipping $23 Canada $15 Please send dm if international first one to claim me or mine wins!!! #natural #bestdeals  #turquoise for sale #turquoiseterritory #turquoise over diamonds #cab #cabs #cabochon #cabochonmaker #cabsforsale #camericanturquoiseabsupplier # #turquoise #nevada #forsale #turquoiseoverdiamonds #cabsforsale #cabachonsupplier #cabachons #silversmith #turquoisejewelry #turquoiseterritory #cabsforsale #instasmithy #roystonturquoise #sonorangoldturquoise,C:\Users\Asus\AppData\Local\Instaloader\Data\bestdeals\2025-02-26_21-22-48_UTC.txt
bestdeals,Natural Australian opal doublets 5.23ct only $52 Reference coin is a penny 19mm or 3/4â€ please claim with me or mine First class usps shipping $6 international shipping $23 Canada $15 Please send dm if international first one to claim me or mine wins!!! #natural #bestdeals  #turquoise for sale #turquoiseterritory #turquoise over diamonds #cab #cabs #cabochon #cabochonmaker #cabsforsale #camericanturquoiseabsupplier # #turquoise #nevada #forsale #turquoiseoverdiamonds #cabsforsale #cabachonsupplier #cabachons #silversmith #turquoisejewelry #turquoiseterritory #cabsforsale #instasmithy #roystonturquoise #sonorangoldturquoise,C:\Users\Asus\AppData\Local\Instaloader\Data\bestdeals\2025-02-26_21-23-36_UTC.txt
bestdeals,Natural Australian opal doublets 1.4ct only $17 Reference coin is a penny 19mm or 3/4â€ please claim with me or mine First class usps shipping $6 international shipping $23 Canada $15 Please send dm if international first one to claim me or mine wins!!! #natural #bestdeals  #turquoise for sale #turquoiseterritory #turquoise over diamonds #cab #cabs #cabochon #cabochonmaker #cabsforsale #camericanturquoiseabsupplier # #turquoise #nevada #forsale #turquoiseoverdiamonds #cabsforsale #cabachonsupplier #cabachons #silversmith #turquoisejewelry #turquoiseterritory #cabsforsale #instasmithy #roystonturquoise #sonorangoldturquoise,C:\Users\Asus\AppData\Local\Instaloader\Data\bestdeals\2025-02-26_21-24-26_UTC.txt
bestdeals,LUCKY TIRE & WHEELS. âœ… Best deal all wheels tires __âœ”ï¸ Wheels âœ”ï¸ Tires âœ”ï¸LIFTKIT -Drop kit,C:\Users\Asus\AppData\Local\Instaloader\Data\bestdeals\2025-02-26_21-25-08_UTC.txt
bestdeals,Natural Australian opal doublets 2.42ct only $24 Reference coin is a penny 19mm or 3/4â€ please claim with me or mine First class usps shipping $6 international shipping $23 Canada $15 Please send dm if international first one to claim me or mine wins!!! #natural #bestdeals  #turquoise for sale #turquoiseterritory #turquoise over diamonds #cab #cabs #cabochon #cabochonmaker #cabsforsale #camericanturquoiseabsupplier # #turquoise #nevada #forsale #turquoiseoverdiamonds #cabsforsale #cabachonsupplier #cabachons #silversmith #turquoisejewelry #turquoiseterritory #cabsforsale #instasmithy #roystonturquoise #sonorangoldturquoise,C:\Users\Asus\AppData\Local\Instaloader\Data\bestdeals\2025-02-26_21-25-09_UTC.txt
bestdeals,Natural Australian opal doublets 5.8ct only $58 Reference coin is a penny 19mm or 3/4â€ please claim with me or mine First class usps shipping $6 international shipping $23 Canada $15 Please send dm if international first one to claim me or mine wins!!! #natural #bestdeals  #turquoise for sale #turquoiseterritory #turquoise over diamonds #cab #cabs #cabochon #cabochonmaker #cabsforsale #camericanturquoiseabsupplier # #turquoise #nevada #forsale #turquoiseoverdiamonds #cabsforsale #cabachonsupplier #cabachons #silversmith #turquoisejewelry #turquoiseterritory #cabsforsale #instasmithy #roystonturquoise #sonorangoldturquoise,C:\Users\Asus\AppData\Local\Instaloader\Data\bestdeals\2025-02-26_21-25-51_UTC.txt
bestdeals,"ğŸ”¥ 2009 HARLEY-DAVIDSON FLHRC ROAD KING CLASSIC â€“ $6,995! ğŸ”¥",C:\Users\Asus\AppData\Local\Instaloader\Data\bestdeals\2025-02-26_21-26-06_UTC.txt
bestdeals,Last one for today thankyou everyone natural Australian opal doublets 4.55ct only $46 Reference coin is a penny 19mm or 3/4â€ please claim with me or mine First class usps shipping $6 international shipping $23 Canada $15 Please send dm if international first one to claim me or mine wins!!! #natural #bestdeals  #turquoise for sale #turquoiseterritory #turquoise over diamonds #cab #cabs #cabochon #cabochonmaker #cabsforsale #camericanturquoiseabsupplier # #turquoise #nevada #forsale #turquoiseoverdiamonds #cabsforsale #cabachonsupplier #cabachons #silversmith #turquoisejewelry #turquoiseterritory #cabsforsale #instasmithy #roystonturquoise #sonorangoldturquoise,C:\Users\Asus\AppData\Local\Instaloader\Data\bestdeals\2025-02-26_21-26-51_UTC.txt
bestdeals,"ğŸ”¥ 2018 HARLEY-DAVIDSON FXBB STREET BOB â€“ $8,495! ğŸ”¥",C:\Users\Asus\AppData\Local\Instaloader\Data\bestdeals\2025-02-26_21-30-01_UTC.txt
bestdeals,"Surf, skyline views, and sunny vibesâ€”Sydney is the ultimate travel destination! Whether youâ€™re lounging on Bondi Beach or snapping pics at the Sydney Opera House, thereâ€™s something for every traveler.",C:\Users\Asus\AppData\Local\Instaloader\Data\bestdeals\2025-02-26_21-40-31_UTC.txt
bestdeals,"Apartamente 1+1, 2+1, 3+1 te Hora Vertikale te 21 Dhjetori",C:\Users\Asus\AppData\Local\Instaloader\Data\bestdeals\2025-02-26_21-40-32_UTC.txt
bestdeals,"ğŸ”¥ 2018 HARLEY-DAVIDSON FLHRXS ROAD KING SPECIAL â€“ $9,795! ğŸ”¥",C:\Users\Asus\AppData\Local\Instaloader\Data\bestdeals\2025-02-26_21-41-53_UTC.txt
bestdeals,"ğŸ”¥ 2023 HARLEY-DAVIDSON FXLRS LOW RIDER S â€“ $13,995! ğŸ”¥",C:\Users\Asus\AppData\Local\Instaloader\Data\bestdeals\2025-02-26_21-47-16_UTC.txt
bestdeals,Google Pixel 8a available at a discounted price!,C:\Users\Asus\AppData\Local\Instaloader\Data\bestdeals\2025-02-26_21-48-45_UTC.txt
bestdeals,2022 Kia Forte LXS sold,C:\Users\Asus\AppData\Local\Instaloader\Data\bestdeals\2025-02-26_21-51-37_UTC.txt
bestdeals,"ğŸ”¥ 2020 HARLEY-DAVIDSON XL883N SPORTSTER IRON 883 â€“ ONLY 442 MILES! $5,995! ğŸ”¥",C:\Users\Asus\AppData\Local\Instaloader\Data\bestdeals\2025-02-26_21-51-42_UTC.txt
bestdeals,ğŸš—ğŸ”¥ Ù…Ø¹Ø±Ø¶ Ø§Ù„ØµÙ‚Ø± Ù„Ù„Ø³ÙŠØ§Ø±Ø§Øª ğŸ”¥ğŸš—,C:\Users\Asus\AppData\Local\Instaloader\Data\bestdeals\2025-02-26_21-52-29_UTC.txt
bestdeals,ğŸš¨ Truck Month is here! ğŸš¨ Donâ€™t miss out on unbeatable deals at Shawnee Mission Ford! Stop by today and drive home your dream truck!,C:\Users\Asus\AppData\Local\Instaloader\Data\bestdeals\2025-02-26_21-57-18_UTC.txt
bestdeals,"This beautiful & lightweight floral spring blouse from J. crew has a very pretty print and ruffled collar detail making it perfect for the girly girl who loves warmer weather! â˜€ï¸Size available is small, most offers are accepted!",C:\Users\Asus\AppData\Local\Instaloader\Data\bestdeals\2025-02-26_21-59-16_UTC.txt
bestdeals,"ğ˜½ğ™¡ğ™ªğ™š ğ™ğ™¤ğ™›ğ™– ğ˜½ğ™šğ™™ ğ™¬ğ™ğ™©ğ™ ğ™ğ™©ğ™¤ğ™§ğ™–ğ™œğ™š â€“ ğ™ğ™¢ğ™–ğ™§ğ™©, ğ™ğ™©ğ™®ğ™¡ğ™ğ™¨ğ™ & ğ™ğ™¥ğ™–ğ™˜ğ™š-ğ™ğ™–ğ™«ğ™ğ™£ğ™œ",C:\Users\Asus\AppData\Local\Instaloader\Data\bestdeals\2025-02-26_22-00-07_UTC.txt
bestdeals,These shoes are so cool! ğŸ˜± They're Size 4.5 youth and only $16â€¼ï¸ğŸ˜ For a same-day hold please give us a call at 813-358-3123! ğŸ“²,C:\Users\Asus\AppData\Local\Instaloader\Data\bestdeals\2025-02-26_22-01-21_UTC.txt
bestdeals,ğŸš—ğŸ”¥ Ù…Ø¹Ø±Ø¶ Ø§Ù„ØµÙ‚Ø± Ù„Ù„Ø³ÙŠØ§Ø±Ø§Øª ğŸ”¥ğŸš—,C:\Users\Asus\AppData\Local\Instaloader\Data\bestdeals\2025-02-26_22-05-50_UTC.txt
bestdeals,Sold!!! 2024 Alfa Romeo Giulia TI Loaner!!! Signed and Delivered!!! Come get your Alfa Romeo today I have amazing deals going on right now!!!#autobroker #autobrokers #autobrokerage #autobrokersales #autobrokerdeals #autobrokersinla #autobrokerorangecounty #leasingagent #leasingcompany #carleasing #bestdeals #luxurylifestyle #luxury #alfaromeo #celebrity #orangecounty #anaheim #santamonica #palmsprings #sandiego #inlandempire #riversidecounty #venturacounty #southbay #longbeach #glendale #losangeles #hollywood #newportbeach #norcal,C:\Users\Asus\AppData\Local\Instaloader\Data\bestdeals\2025-02-26_22-18-25_UTC.txt
bestdeals,Vera Bradley purse,C:\Users\Asus\AppData\Local\Instaloader\Data\bestdeals\2025-02-26_22-23-57_UTC.txt
bestdeals,Sold!!! 2024 Vw Jetta Sport!!! Signed and Delivered!!! Come get your Vw today I have amazing deals going on right now!!!#autobroker #autobrokers #autobrokerage #autobrokersales #autobrokerdeals #autobrokersinla #autobrokerorangecounty #leasingagent #leasingcompany #carleasing #bestdeals #luxury #luxurylifestyle #vw #celebrity #orangecounty #anaheim #santamonica #palmsprings #sandiego #inlandempire #riversidecounty #venturacounty #southbay #longbeach #glendale #losangeles #hollywood #newportbeach #norcal,C:\Users\Asus\AppData\Local\Instaloader\Data\bestdeals\2025-02-26_22-24-04_UTC.txt
bestdeals,ğŸš—ğŸ”¥ Ù…Ø¹Ø±Ø¶ Ø§Ù„ØµÙ‚Ø± Ù„Ù„Ø³ÙŠØ§Ø±Ø§Øª ğŸ”¥ğŸš—,C:\Users\Asus\AppData\Local\Instaloader\Data\bestdeals\2025-02-26_22-28-51_UTC.txt
bestdeals,"Huge congratulations to our amazing client, Sarah Marsolais, on her new ride!ğŸ’™ Weâ€™re thrilled to have helped you upgrade to this stunning 2022 Dodge RAM 1500 â€“ a sporty powerhouse thatâ€™s as blue as the sky on this beautiful Wednesday afternoon, especially on @bgccornwallsdg Pink Shirt Day 2025! ğŸŒğŸ’™",C:\Users\Asus\AppData\Local\Instaloader\Data\bestdeals\2025-02-26_22-29-22_UTC.txt
bestdeals,Vera Bradley purse,C:\Users\Asus\AppData\Local\Instaloader\Data\bestdeals\2025-02-26_22-31-37_UTC.txt
giveaway,ğŸŒ¸ NAGRADNA IGRA - VeÄera za dvoje! ğŸŒ¸,C:\Users\Asus\AppData\Local\Instaloader\Data\giveaway\2025-02-24_10-42-55_UTC.txt
giveaway,ğŸ“š GIVEAWAY ALERT! ğŸ‰,C:\Users\Asus\AppData\Local\Instaloader\Data\giveaway\2025-02-26_21-40-45_UTC.txt
giveaway,are we done with sweater weather? ğŸ‘€âœ¨ because I personally canâ€™t decide ğŸ˜©ğŸ©·,C:\Users\Asus\AppData\Local\Instaloader\Data\giveaway\2025-02-26_21-41-10_UTC.txt
giveaway,GIVEAWAY ALERT ğŸš¨,C:\Users\Asus\AppData\Local\Instaloader\Data\giveaway\2025-02-26_21-41-24_UTC.txt
giveaway,"All entries must be received by 9 pm EST Tonight, February 26, 2025.  Military Tribute Banners will review each honoreeâ€™s story and select one winner for our Military Tribute Honor Flag Giveaway. ğŸ‡ºğŸ‡¸ We will post the winner this Friday, February 28, 2025.",C:\Users\Asus\AppData\Local\Instaloader\Data\giveaway\2025-02-26_21-41-27_UTC.txt
giveaway,Ø¬ÙˆÙƒÙ„Øª Ø¨Ù„Ø¬ÙŠÙƒÙŠ Ø¨Ø«ÙŠÙ… Ù…Ù†Ø§Ø³Ø¨Ø§ØªÙƒÙ… #chocolate  #wedding #babyshower #graduation  #party #giveaway,C:\Users\Asus\AppData\Local\Instaloader\Data\giveaway\2025-02-26_21-43-06_UTC.txt
giveaway,ğŸ PLAYERSPASS GIVEAWAY â€“ Own a Piece of Cricket Greatness!,C:\Users\Asus\AppData\Local\Instaloader\Data\giveaway\2025-02-26_21-43-11_UTC.txt
giveaway,"ğŸ¤ Our very simple but timeless, all pearl heart bracelet with gold spacer beads.. this can be made with any variation of spacer beads, or even a half and half combination of hearts and colour ğŸ¤ these are Â£6 each and can be customised however you wish âœ¨",C:\Users\Asus\AppData\Local\Instaloader\Data\giveaway\2025-02-26_21-43-23_UTC.txt
giveaway,Ù‹ğŸ’›ğŸ’›#tatianaofficial15 #models #makeupartist #makeup #chemistrylove #gamer #game #girl #giveaway #gym #tiktok #blogger #selfie #cameraarkasi,C:\Users\Asus\AppData\Local\Instaloader\Data\giveaway\2025-02-26_21-43-45_UTC.txt
giveaway,Whoâ€™s ready for some fresh mountain air? â›°ï¸â›·ï¸âœ¨,C:\Users\Asus\AppData\Local\Instaloader\Data\giveaway\2025-02-26_21-44-24_UTC.txt
giveaway,ğŸ“–ğŸ‰ Happy 2nd Book Birthday to Total Obsession! ğŸ‰ğŸ“–,C:\Users\Asus\AppData\Local\Instaloader\Data\giveaway\2025-02-26_21-44-28_UTC.txt
giveaway,Posted @withregram â€¢ @vantrue_official ğŸ‰âœ¨ Vantrue E1 PRO Giveaway Alert! ğŸš—,C:\Users\Asus\AppData\Local\Instaloader\Data\giveaway\2025-02-26_21-44-47_UTC.txt
giveaway,So happy to announce we finally hit 100 followers on our page! ğŸ«¶ğŸ¼,C:\Users\Asus\AppData\Local\Instaloader\Data\giveaway\2025-02-26_21-44-55_UTC.txt
giveaway,Score the official library card of the Las Vegas @Raiders during our #LibraryLoversMonth celebration & enter our giveaway to win cool prizes! ğŸˆ ğŸ’³,C:\Users\Asus\AppData\Local\Instaloader\Data\giveaway\2025-02-26_21-45-06_UTC.txt
giveaway,Ø¬ÙˆÙƒÙ„Øª Ø¨Ù„Ø¬ÙŠÙƒÙŠ Ø¨Ø«ÙŠÙ… Ù…Ù†Ø§Ø³Ø¨Ø§ØªÙƒÙ… #chocolate  #wedding #babyshower #graduation  #party #giveaway,C:\Users\Asus\AppData\Local\Instaloader\Data\giveaway\2025-02-26_21-45-15_UTC.txt
giveaway,ğŸ‰ Giveaway Î¼Îµ Ï€Î±Î¹Ï‡Î½Î¯Î´Î¹ & Î´ÏÏÎ±! ğŸ‰,C:\Users\Asus\AppData\Local\Instaloader\Data\giveaway\2025-02-26_21-45-59_UTC.txt
giveaway,"Weâ€™re on the road to 3,000 followers, and we want to celebrate with YOU! ğŸ‰ğŸ¶",C:\Users\Asus\AppData\Local\Instaloader\Data\giveaway\2025-02-26_21-46-32_UTC.txt
giveaway,Its okay to feel a little lostğŸ–¤ğŸ”¥â€¦ #artist #giveaway #newmusic #upcomingartist #rcarecords #lifestyle #followforfollowback #miami #hiphop #drake #kendricklamar #followme #viral #famous,C:\Users\Asus\AppData\Local\Instaloader\Data\giveaway\2025-02-26_21-46-47_UTC.txt
giveaway,Ø¬ÙˆÙƒÙ„Øª Ø¨Ù„Ø¬ÙŠÙƒÙŠ Ø¨Ø«ÙŠÙ… Ù…Ù†Ø§Ø³Ø¨Ø§ØªÙƒÙ… #chocolate  #wedding #babyshower #graduation  #party #giveaway,C:\Users\Asus\AppData\Local\Instaloader\Data\giveaway\2025-02-26_21-46-51_UTC.txt
giveaway,**âœ¨ Ø±Ù…Ø¶Ø§Ù† ÙƒØ±ÙŠÙ…! âœ¨**,C:\Users\Asus\AppData\Local\Instaloader\Data\giveaway\2025-02-26_21-46-59_UTC.txt
giveaway,T2MC T-SHIRT GIVEAWAYğŸ’™ğŸ§¿,C:\Users\Asus\AppData\Local\Instaloader\Data\giveaway\2025-02-26_21-47-10_UTC.txt
giveaway,"ğŸ’…ğŸ”¥ CHICAS, ES HORA DE CONSENTIRNOS ğŸ”¥ğŸ’…",C:\Users\Asus\AppData\Local\Instaloader\Data\giveaway\2025-02-26_21-47-23_UTC.txt
giveaway,Posted @withregram â€¢ @babyhug Babyhug Kick Scooter Giveaway,C:\Users\Asus\AppData\Local\Instaloader\Data\giveaway\2025-02-26_21-47-56_UTC.txt
giveaway,"Spotlight time! Thank you to @jaimerockstarbooktours and @camilla_tracy for having me on the tour! Life has been a little chaotic, but I was so excited to get this package in the mail. It really made my day! Thank you so much!",C:\Users\Asus\AppData\Local\Instaloader\Data\giveaway\2025-02-26_21-48-01_UTC.txt
giveaway,"Huge thank you to @roniveesboutique_ for hosting this spectacular giveaway! I was fortunate enough to win! I have been following her for a lil while now, so getting these prizes means so much! Tyyyy please go follow her!!!",C:\Users\Asus\AppData\Local\Instaloader\Data\giveaway\2025-02-26_21-48-28_UTC.txt
giveaway,Ø¬ÙˆÙƒÙ„Øª Ø¨Ù„Ø¬ÙŠÙƒÙŠ Ø¨Ø«ÙŠÙ… Ù…Ù†Ø§Ø³Ø¨Ø§ØªÙƒÙ… #chocolate  #wedding #babyshower #graduation  #party #giveaway,C:\Users\Asus\AppData\Local\Instaloader\Data\giveaway\2025-02-26_21-48-37_UTC.txt
giveaway,"ğŸ‰ 900 ORDERS?! ğŸ‰ We are absolutely blown away by your support! To celebrate this amazing milestone, weâ€™re giving away a $25 gift card to our online boutique! ğŸ’–",C:\Users\Asus\AppData\Local\Instaloader\Data\giveaway\2025-02-26_21-48-47_UTC.txt
giveaway,ğŸš¨FREE SCREENING!ğŸš¨,C:\Users\Asus\AppData\Local\Instaloader\Data\giveaway\2025-02-26_21-49-03_UTC.txt
giveaway,"#GIVEAWAY ğŸ’ Players Of Life Guadalajara y @vice_cycle te invitan a una de sus clases de Ride, una el dÃ­a sÃ¡bado 01 de marzo a las 12:00 pm y la otra el dÃ­a domingo 02 de marzo a las 10:00 am ğŸš²",C:\Users\Asus\AppData\Local\Instaloader\Data\giveaway\2025-02-26_21-49-39_UTC.txt
giveaway,#LightsOnLefloss does it again in 2024!  Got my yard sign and $100 Loweâ€™s gift card delivered today. Iâ€™ve decided to give away the gift card to a Norwalk resident in need. Details below.,C:\Users\Asus\AppData\Local\Instaloader\Data\giveaway\2025-02-26_21-49-44_UTC.txt
giveaway,Congrats @faithwosmek ğŸ’ğŸ›ï¸ You won a $50 JFR gift card!!,C:\Users\Asus\AppData\Local\Instaloader\Data\giveaway\2025-02-26_21-49-48_UTC.txt
giveaway,ğŸâœ¨Concours tutoriel. Le nÂ°16 le Chat (Pdf disponible en FranÃ§ais en English us term.),C:\Users\Asus\AppData\Local\Instaloader\Data\giveaway\2025-02-26_21-50-07_UTC.txt
giveaway,ğŸš¨ GIVEAWAY ğŸš¨,C:\Users\Asus\AppData\Local\Instaloader\Data\giveaway\2025-02-26_21-50-27_UTC.txt
giveaway,#Manelove #giveaway @biomaneproducts,C:\Users\Asus\AppData\Local\Instaloader\Data\giveaway\2025-02-26_21-50-36_UTC.txt
giveaway,ğŸ’šÂ¡CARNAVAL CON FARMACIAS PÃEZ!ğŸ’š,C:\Users\Asus\AppData\Local\Instaloader\Data\giveaway\2025-02-26_21-50-41_UTC.txt
giveaway,(Repost From @justalilzilla),C:\Users\Asus\AppData\Local\Instaloader\Data\giveaway\2025-02-26_21-50-54_UTC.txt
giveaway,Ø¬ÙˆÙƒÙ„Øª Ø¨Ù„Ø¬ÙŠÙƒÙŠ Ø¨Ø«ÙŠÙ… Ù…Ù†Ø§Ø³Ø¨Ø§ØªÙƒÙ… #chocolate  #wedding #babyshower #graduation  #party #giveaway,C:\Users\Asus\AppData\Local\Instaloader\Data\giveaway\2025-02-26_21-51-02_UTC.txt
giveaway,ğŸ GIVEAWAY ZA 8. MART! ğŸ,C:\Users\Asus\AppData\Local\Instaloader\Data\giveaway\2025-02-26_21-51-11_UTC.txt
giveaway,ğŸ‰ GIVEAWAY ALERT! ğŸ‰,C:\Users\Asus\AppData\Local\Instaloader\Data\giveaway\2025-02-26_21-51-48_UTC.txt
giveaway,ğŸ‰ Itâ€™s #WinItWednesday! ğŸ‰,C:\Users\Asus\AppData\Local\Instaloader\Data\giveaway\2025-02-26_21-52-06_UTC.txt
giveaway,â‹†âºâ‚ŠPacking this special custom press on set for our Valentines giveaway winner! âºâ‚Šâ‹†,C:\Users\Asus\AppData\Local\Instaloader\Data\giveaway\2025-02-26_21-52-56_UTC.txt
giveaway,COMPETITION TIME!,C:\Users\Asus\AppData\Local\Instaloader\Data\giveaway\2025-02-26_21-54-03_UTC.txt
giveaway,ğŸš¨ Giveaway Alert! ğŸš¨,C:\Users\Asus\AppData\Local\Instaloader\Data\giveaway\2025-02-26_21-54-35_UTC.txt
giveaway,ğŸš¨GIVEAWAY (two picks)ğŸš¨,C:\Users\Asus\AppData\Local\Instaloader\Data\giveaway\2025-02-26_21-54-37_UTC.txt
giveaway,ğŸ’„ SEPHORA GIVEAWAY ğŸ’„,C:\Users\Asus\AppData\Local\Instaloader\Data\giveaway\2025-02-26_21-54-39_UTC.txt
giveaway,ğŸ“¢ GIVEAWAY ALERT! ğŸ‰,C:\Users\Asus\AppData\Local\Instaloader\Data\giveaway\2025-02-26_21-55-10_UTC.txt
giveaway,"S1Tu5 Par4 Pem3NanG, M0Dal Rec3H dIj4m1N M3nANg B4ny4k.",C:\Users\Asus\AppData\Local\Instaloader\Data\giveaway\2025-02-26_21-55-15_UTC.txt
giveaway,PEACE â˜®ï¸ YOUTUBE:NardoNation,C:\Users\Asus\AppData\Local\Instaloader\Data\giveaway\2025-02-26_21-55-33_UTC.txt
giveaway,DO NOT!!! I MEAN DO NOT!!!!! MISS OUT ON OUR MEGA MASSIVE BREAK SHOW THIS SATURDAY!!! STATUE GIVEAWAYS âœ¨âœ¨âœ¨AND LOTS OF HOT HOT HOT LADIESğŸ”¥ğŸ”¥ğŸ”¥ 1PM EST LINK BIO CHECK OUT OUR STORY!!,C:\Users\Asus\AppData\Local\Instaloader\Data\giveaway\2025-02-26_21-55-48_UTC.txt
giveaway,ğŸš¨ATENÃ‡ÃƒOğŸš¨,C:\Users\Asus\AppData\Local\Instaloader\Data\giveaway\2025-02-26_21-56-22_UTC.txt
giveaway,Itâ€™s giveaway time!! âœ¨,C:\Users\Asus\AppData\Local\Instaloader\Data\giveaway\2025-02-26_21-57-31_UTC.txt
giveaway,"We had so much fun meeting everyone at the Mizzou Housing Fair! ğŸ¡âœ¨ We hope to be the place to assist you with all your 25-26 Housing Needs. Be sure to check those emails, as weâ€™ve already reached out to connect with you! ğŸ“§",C:\Users\Asus\AppData\Local\Instaloader\Data\giveaway\2025-02-26_21-57-45_UTC.txt
giveaway,COMPETITION â­ï¸ â€œWhy my Mumâ€™s a Star!â€ â­ï¸,C:\Users\Asus\AppData\Local\Instaloader\Data\giveaway\2025-02-26_21-58-03_UTC.txt
giveaway,"Who doesn't want free money, to support a good cause and small businesses, as well as have adorable items that make you smile every time you see them?!",C:\Users\Asus\AppData\Local\Instaloader\Data\giveaway\2025-02-26_21-58-17_UTC.txt
giveaway,ğŸ¡â›³ Letâ€™s play a game!,C:\Users\Asus\AppData\Local\Instaloader\Data\giveaway\2025-02-26_21-58-18_UTC.txt
giveaway,ğŸ¡â›³ Letâ€™s play a game!,C:\Users\Asus\AppData\Local\Instaloader\Data\giveaway\2025-02-26_21-59-05_UTC.txt
giveaway,ğŸ˜²LIVE DRAW TOMORROW 20% SOLDğŸ˜²,C:\Users\Asus\AppData\Local\Instaloader\Data\giveaway\2025-02-26_21-59-06_UTC.txt
giveaway,INTRODUCING EVA'S MARCH MADNESS!!ğŸ”¥ FIRST SPECIAL DROPPING FRIDAY- Stay tunedğŸ˜,C:\Users\Asus\AppData\Local\Instaloader\Data\giveaway\2025-02-26_21-59-07_UTC.txt
giveaway,Daily Quiz in Ramadan- understand your health & nutrition better while fasting and win some cash ğŸ’µ!,C:\Users\Asus\AppData\Local\Instaloader\Data\giveaway\2025-02-26_21-59-55_UTC.txt
giveaway,"A huge congrats to Gary, the lucky winner of our BBQ Giveaway at @moretonbayexpo! ğŸ”¥ğŸ” We hope you enjoy plenty of delicious BBQ feasts! ğŸšâœ¨",C:\Users\Asus\AppData\Local\Instaloader\Data\giveaway\2025-02-26_22-00-02_UTC.txt
giveaway,CONCOURS - GAGNE POUR PLUS DE 500$ DE SUPPLÃ‰MENTS & PRODUITS DE CHEZ @shopsante ğŸ’˜ğŸ›¼,C:\Users\Asus\AppData\Local\Instaloader\Data\giveaway\2025-02-26_22-00-03_UTC.txt
giveaway,Â¡Participa en nuestro Giveaway del Diplomado en psicologÃ­a clÃ­nica! ğŸ“âœ¨,C:\Users\Asus\AppData\Local\Instaloader\Data\giveaway\2025-02-26_22-00-05_UTC.txt
giveaway,Return % for active play ğŸ’ª,C:\Users\Asus\AppData\Local\Instaloader\Data\giveaway\2025-02-26_22-00-06_UTC.txt
giveaway,ğŸ”¥ GIVEAWAY TIME! ğŸ”¥,C:\Users\Asus\AppData\Local\Instaloader\Data\giveaway\2025-02-26_22-00-09_UTC.txt
giveaway,hadiah mingguan untuk semua player,C:\Users\Asus\AppData\Local\Instaloader\Data\giveaway\2025-02-26_22-00-10_UTC.txt
giveaway,"âœ¨WINNER, WINNER STEAK DINNER!âœ¨",C:\Users\Asus\AppData\Local\Instaloader\Data\giveaway\2025-02-26_22-00-11_UTC.txt
giveaway,Well done to our winners tonight and all instant winners today ğŸ˜,C:\Users\Asus\AppData\Local\Instaloader\Data\giveaway\2025-02-26_22-00-50_UTC.txt
giveaway,We are so excited to be attending Crufts this year with Nutravet.,C:\Users\Asus\AppData\Local\Instaloader\Data\giveaway\2025-02-26_22-01-38_UTC.txt
giveaway,SHOPPERFECTLYMADE.COM ğŸ©µğŸ©·,C:\Users\Asus\AppData\Local\Instaloader\Data\giveaway\2025-02-26_22-01-46_UTC.txt
giveaway,âœ¨ 8. MART GIVEAWAY â€“ POKLON ZA NAÅ E DAME! âœ¨,C:\Users\Asus\AppData\Local\Instaloader\Data\giveaway\2025-02-26_22-01-48_UTC.txt
giveaway,I'm so excited to celebrate 10 years of beautiful colors!,C:\Users\Asus\AppData\Local\Instaloader\Data\giveaway\2025-02-26_22-02-13_UTC.txt
giveaway,A quick sneak peek at the 2 product raffles I'll be giving away @crunchmonroe on Saturdays pre sale party! 10am-2pm don't miss out on an opportunity to take home some amazing hair products!,C:\Users\Asus\AppData\Local\Instaloader\Data\giveaway\2025-02-26_22-02-30_UTC.txt
giveaway,"âœ¨ GIVEAWAY TIME! âœ¨ If you know anything about me or my page you know we LOVE Siser... so with that being said we have partnered together so YOU can experience how amazing these products are. If you were to win, what would YOU create with your new Juliet? ğŸ‰",C:\Users\Asus\AppData\Local\Instaloader\Data\giveaway\2025-02-26_22-03-29_UTC.txt
giveaway,Comment â€œChop Lifeâ€ and you may win a snack box from us ğŸ‘€ ğŸ˜‹,C:\Users\Asus\AppData\Local\Instaloader\Data\giveaway\2025-02-26_22-03-39_UTC.txt
giveaway,ğŸš¨ SOUTHLAKE â€“ Are you ready for one of our BIGGEST events of the year?! ğŸš¨,C:\Users\Asus\AppData\Local\Instaloader\Data\giveaway\2025-02-26_22-04-11_UTC.txt
giveaway,Small Irish jeweller please buy and support â¤ï¸ #smallbusiness #smallbusinesssupport #smallbusiness owner #fyp #support #jeweller #irish #giveaway,C:\Users\Asus\AppData\Local\Instaloader\Data\giveaway\2025-02-26_22-04-32_UTC.txt
giveaway,Itâ€™s almost March and that means #marchmadness is upon us! Grab a shirt from us to crown your bracket challenge winner! https://www.ebay.com/str/steelcityclothingcompanyllc #giveaway #ncaa #collegebasketball,C:\Users\Asus\AppData\Local\Instaloader\Data\giveaway\2025-02-26_22-04-38_UTC.txt
giveaway,ğŸŒºğŸ’ŒğŸŒºGIVEAWAYğŸŒºğŸ’ŒğŸŒº,C:\Users\Asus\AppData\Local\Instaloader\Data\giveaway\2025-02-26_22-04-47_UTC.txt
giveaway,"Happy #winitwednesday ! Today we are giving away an Instax Mini 12 Camera! To be entered to win, comment below who you want to take a selfie with. ğŸ“¸",C:\Users\Asus\AppData\Local\Instaloader\Data\giveaway\2025-02-26_22-05-43_UTC.txt
giveaway,âœ¨#Giveaway âœ¨,C:\Users\Asus\AppData\Local\Instaloader\Data\giveaway\2025-02-26_22-06-10_UTC.txt
giveaway,Win a ride along at Fuelfest in Tampa Florida!  4 Winners will ride in the @driftfactory cars!,C:\Users\Asus\AppData\Local\Instaloader\Data\giveaway\2025-02-26_22-06-26_UTC.txt
giveaway,EXCLUSIVE BERRY CRUMBLE GIVEAWAY ğŸ’‹,C:\Users\Asus\AppData\Local\Instaloader\Data\giveaway\2025-02-26_22-07-23_UTC.txt
giveaway,It's a busy work week for me.  How are you?,C:\Users\Asus\AppData\Local\Instaloader\Data\giveaway\2025-02-26_22-08-11_UTC.txt
giveaway,â™¥ï¸â™¥ï¸â™¥ï¸â™¥ï¸â™¥ï¸â™¥ï¸â™¥ï¸â™¥ï¸ğŸ˜”.,C:\Users\Asus\AppData\Local\Instaloader\Data\giveaway\2025-02-26_22-08-19_UTC.txt
giveaway,ğŸ”GIVEAWAY ALERT!ğŸ”,C:\Users\Asus\AppData\Local\Instaloader\Data\giveaway\2025-02-26_22-09-09_UTC.txt
giveaway,ğŸ‰ SWAG GIVEAWAY ğŸ‰,C:\Users\Asus\AppData\Local\Instaloader\Data\giveaway\2025-02-26_22-09-55_UTC.txt
giveaway,"Thanks to a generous sponsor, one of my lucky followers has the chance to WIN a FREE photoshoot! ğŸ“¸âœ¨ This amazing giveaway includes up to 1 hour of shoot time and 25-30 beautiful images returned to you! ğŸ˜ Itâ€™s perfect for portraits, small families of 4, or couples! ğŸ’•",C:\Users\Asus\AppData\Local\Instaloader\Data\giveaway\2025-02-26_22-10-00_UTC.txt
giveaway,â˜†å½¡March Giveaway!,C:\Users\Asus\AppData\Local\Instaloader\Data\giveaway\2025-02-26_22-10-46_UTC.txt
giveaway,Celebrate Fat Tuesday with us & pig out on some delicious Paczki!,C:\Users\Asus\AppData\Local\Instaloader\Data\giveaway\2025-02-26_22-10-59_UTC.txt
giveaway,WIN IT WEDNESDAY! ğŸ‰,C:\Users\Asus\AppData\Local\Instaloader\Data\giveaway\2025-02-26_22-11-18_UTC.txt
giveaway,â˜€ï¸GIVEAWAY TIMEâ˜€ï¸ Is this too much for a little spring break in Auburn?? ğŸ¤¨,C:\Users\Asus\AppData\Local\Instaloader\Data\giveaway\2025-02-26_22-11-31_UTC.txt
giveaway,GIVEAWAY ALERT! ğŸ˜± ğŸ¤©,C:\Users\Asus\AppData\Local\Instaloader\Data\giveaway\2025-02-26_22-12-04_UTC.txt
giveaway,"For my one year of doing nails iâ€™m doing a giveaway!! Thank you guys so much for supporting me in my journey, I appreciate every single one of you guys!ğŸ’•ğŸ«¶",C:\Users\Asus\AppData\Local\Instaloader\Data\giveaway\2025-02-26_22-12-06_UTC.txt
giveaway,PersÃ¶nliche Frage: Seit wann sammelst du,C:\Users\Asus\AppData\Local\Instaloader\Data\giveaway\2025-02-26_22-13-24_UTC.txt
giveaway,A big shout out to @squipusa for sending out these expanders! I personally love to sleep in these because it helps you get more air while you sleep. I canâ€™t wait to have my manâ€™s try them out!!,C:\Users\Asus\AppData\Local\Instaloader\Data\giveaway\2025-02-26_22-14-18_UTC.txt
giveaway,ğŸ‰ Get Your $100 SHEIN Gift Card Now â€“ Limited Time Offer! ğŸ‰,C:\Users\Asus\AppData\Local\Instaloader\Data\giveaway\2025-02-26_22-14-57_UTC.txt
giveaway,Congratulations to the lucky winners! You have won merchandise of The White Olive Tree. ğŸ¥³,C:\Users\Asus\AppData\Local\Instaloader\Data\giveaway\2025-02-26_22-15-46_UTC.txt
giveaway,"âœ¨Giveaway Alert!âœ¨ As a thank you & to give back to my incredible community I am doing a giveaway for one of my upcycled leather posca purses! âœ… To enter the giveaway you must like this post, be following my account, and tag someone who is an art lover (one additional vote if you tag two people!) - the giveaway is exclusive to US domestic shipping. I will be drawing the winner on Friday March 28th! Love yâ€™all, good luck! ğŸ’“ ğŸ¨ #giveaway #artgiveaway #artaccount #artistsoninstagram #posca #upcycling #artpage #colorful #womanownedbusiness #paychedelicart #poscaart #poscapens #leather #thrifting #sweepstakes #artcommunity",C:\Users\Asus\AppData\Local\Instaloader\Data\giveaway\2025-02-26_22-15-59_UTC.txt
giveaway,"#FREE #eBOOK #Giveaway #Nosferatu #Vampire #Horror #Adventure #Mashup #DRACULA OF THE #APES Book One THE URN Available at your favorite online bookstore, and as ""NO STRINGS ATTACHED"" direct download @gwellstaylor (click link in bio)",C:\Users\Asus\AppData\Local\Instaloader\Data\giveaway\2025-02-26_22-16-17_UTC.txt
giveaway,âœ¨ GIVEAWAY ALERT âœ¨,C:\Users\Asus\AppData\Local\Instaloader\Data\giveaway\2025-02-26_22-16-57_UTC.txt
giveaway,ğŸš¨Announcement ğŸš¨,C:\Users\Asus\AppData\Local\Instaloader\Data\giveaway\2025-02-26_22-17-18_UTC.txt
giveaway,ğŸ‰ O nosso primeiro Giveaway!,C:\Users\Asus\AppData\Local\Instaloader\Data\giveaway\2025-02-26_22-17-39_UTC.txt
giveaway,:FLASH GIVEAWAY:,C:\Users\Asus\AppData\Local\Instaloader\Data\giveaway\2025-02-26_22-17-57_UTC.txt
giveaway,Chocolate favors ğŸ¤,C:\Users\Asus\AppData\Local\Instaloader\Data\giveaway\2025-02-26_22-18-00_UTC.txt
giveaway,Weâ€™re celebrating our new Instagram with a Money Tree Giveaway! ğŸŒ±ğŸ’° Bring some good luck and greenery into your homeâ€”hereâ€™s how to enter:,C:\Users\Asus\AppData\Local\Instaloader\Data\giveaway\2025-02-26_22-18-11_UTC.txt
onlineshopping,ğŸ’™BLUE PRINT CUT OUT MAXIğŸ’™,C:\Users\Asus\AppData\Local\Instaloader\Data\onlineshopping\2025-02-26_21-58-58_UTC.txt
onlineshopping,LED Night Light Plug in,C:\Users\Asus\AppData\Local\Instaloader\Data\onlineshopping\2025-02-26_21-59-06_UTC.txt
onlineshopping,"Customized Shorts and other Customised Clothing products are Available. We offer High Quality Customised Street wear, Customised Sports wears, Customised Sports Uniforms for Clothing Brands. Thinking To Startup a Clothing Brand we are here to Provide Cut and Sew Services Available at best Prices",C:\Users\Asus\AppData\Local\Instaloader\Data\onlineshopping\2025-02-26_21-59-08_UTC.txt
onlineshopping,LED Night Light Plug in,C:\Users\Asus\AppData\Local\Instaloader\Data\onlineshopping\2025-02-26_21-59-09_UTC.txt
onlineshopping,#trouser #fashion #trousers #tshirt #tracksuit #hoodies #style #tracksuits #usa #shirt #sportswear #clothing #pants #hoodie #tshirts #pant #jacket #apparel #uk #dress #instagram #trouserstyles #pakistan #jeans #gymwear #ootd #onlineshopping #activewear #shorts #streetwear,C:\Users\Asus\AppData\Local\Instaloader\Data\onlineshopping\2025-02-26_21-59-20_UTC.txt
onlineshopping,"Customized Shorts and other Customised Clothing products are Available. We offer High Quality Customised Street wear, Customised Sports wears, Customised Sports Uniforms for Clothing Brands. Thinking To Startup a Clothing Brand we are here to Provide Cut and Sew Services Available at best Prices",C:\Users\Asus\AppData\Local\Instaloader\Data\onlineshopping\2025-02-26_21-59-22_UTC.txt
onlineshopping,Happy Wednesday! Your #toyoftheday today is a Mattel Masters of the Universe 200x Mutant Slime Pit and Mutant Warrior Playset.,C:\Users\Asus\AppData\Local\Instaloader\Data\onlineshopping\2025-02-26_21-59-34_UTC.txt
onlineshopping,Denim is a timeless love! That's especially true for the Skyler Risen Flare Pants - available in sizes 1 - 3XL!,C:\Users\Asus\AppData\Local\Instaloader\Data\onlineshopping\2025-02-26_21-59-40_UTC.txt
onlineshopping,NEWEST DESIGN!!! Enhance Your Home or Office Decor!!! With BEAUTIFUL,C:\Users\Asus\AppData\Local\Instaloader\Data\onlineshopping\2025-02-26_21-59-49_UTC.txt
onlineshopping,#trouser #fashion #trousers #tshirt #tracksuit #hoodies #style #tracksuits #usa #shirt #sportswear #clothing #pants #hoodie #tshirts #pant #jacket #apparel #uk #dress #instagram #trouserstyles #pakistan #jeans #gymwear #ootd #onlineshopping #activewear #shorts #streetwear,C:\Users\Asus\AppData\Local\Instaloader\Data\onlineshopping\2025-02-26_21-59-53_UTC.txt
onlineshopping,Fashion that fits your lifestyle. Our pieces are built for those who move with intentionâ€”because your wardrobe should reflect who you are.,C:\Users\Asus\AppData\Local\Instaloader\Data\onlineshopping\2025-02-26_22-00-05_UTC.txt
onlineshopping,"POOF! Who knew superpowers came in the form of unexpected air? Embrace your inner superhero (and awkward moments) with our â€œQueefing Is My Superpowerâ€ shirt! This hilarious and slightly inappropriate tee is perfect for those who love to shock, joke, and own their embarrassing moments like a queen.",C:\Users\Asus\AppData\Local\Instaloader\Data\onlineshopping\2025-02-26_22-00-06_UTC.txt
onlineshopping,"Why did we choose our â€œIt Girlâ€ Emily to be the face of Better-Mode Fashion? All it takes is one look into those eyes to see that she is smart, confident, radiant, alluring, and most of allâ€¦â€¦.YOU!",C:\Users\Asus\AppData\Local\Instaloader\Data\onlineshopping\2025-02-26_22-00-08_UTC.txt
onlineshopping,"Get ready to turn heads in this RESTOCKED maxi dress! ğŸ©·âœ¨ Grab this beauty now to add to your spring wardrobe! ğŸ˜ Plus, today only, enjoy FREE SHIPPING + receive a FREE BOW SWEATER when you use code: HAPPYSPRING at checkout! ğŸ€",C:\Users\Asus\AppData\Local\Instaloader\Data\onlineshopping\2025-02-26_22-00-12_UTC.txt
onlineshopping,A day in the life of precision. Every second tells a story. â³,C:\Users\Asus\AppData\Local\Instaloader\Data\onlineshopping\2025-02-26_22-00-14_UTC.txt
onlineshopping,"ğŸ¤‘ Bold Looks, Unbeatable Prices!",C:\Users\Asus\AppData\Local\Instaloader\Data\onlineshopping\2025-02-26_22-00-15_UTC.txt
onlineshopping,Swipe for more Colours/live video,C:\Users\Asus\AppData\Local\Instaloader\Data\onlineshopping\2025-02-26_22-00-16_UTC.txt
onlineshopping,"Cartera bolsotejida al crochet con totora o trapillo de tul. AprovechÃ¡la para la playa, para matera, para lucirte con este hermoso diseÃ±o ğŸ˜",C:\Users\Asus\AppData\Local\Instaloader\Data\onlineshopping\2025-02-26_22-00-18_UTC.txt
onlineshopping,"When it comes to wardrobe essentials, a trusty white t-shirt can do no wrong. Whether you desire a slim-fit style or prefer a more vintage look, we're rounding up 10 best-selling and reviewer-approved white t-shirts for any style preference and budget.",C:\Users\Asus\AppData\Local\Instaloader\Data\onlineshopping\2025-02-26_22-00-20_UTC.txt
onlineshopping,Only 3 of these beauties left! Grab them before they are gone! ğŸ’âœ¨,C:\Users\Asus\AppData\Local\Instaloader\Data\onlineshopping\2025-02-26_22-00-34_UTC.txt
onlineshopping,"Customized Shorts and other Customised Clothing products are Available. We offer High Quality Customised Street wear, Customised Sports wears, Customised Sports Uniforms for Clothing Brands. Thinking To Startup a Clothing Brand we are here to Provide Cut and Sew Services Available at best Prices",C:\Users\Asus\AppData\Local\Instaloader\Data\onlineshopping\2025-02-26_22-00-42_UTC.txt
onlineshopping,"Quality in every stitch, detail in every angle ğŸ’¯",C:\Users\Asus\AppData\Local\Instaloader\Data\onlineshopping\2025-02-26_22-01-00_UTC.txt
onlineshopping,âšœï¸ğŸ–¤,C:\Users\Asus\AppData\Local\Instaloader\Data\onlineshopping\2025-02-26_22-01-11_UTC.txt
onlineshopping,ğŸ’ Racer Back Maxi Dress,C:\Users\Asus\AppData\Local\Instaloader\Data\onlineshopping\2025-02-26_22-01-19_UTC.txt
onlineshopping,BEIGE HALTER VEST & PANT SET ğŸ¥¯,C:\Users\Asus\AppData\Local\Instaloader\Data\onlineshopping\2025-02-26_22-01-32_UTC.txt
onlineshopping,#Ø§Ø´ØªØ±ÙŠ_Ø§ÙˆÙ†Ù„Ø§ÙŠÙ†ğŸ›’ ÙƒØ§Ø´ Ù…Ø§ÙŠÙˆÙ‡ ØªÙ„ â£,C:\Users\Asus\AppData\Local\Instaloader\Data\onlineshopping\2025-02-26_22-01-33_UTC.txt
onlineshopping,ğŸ’œ SHOP & SAVE IN STYLE! ğŸ’œ,C:\Users\Asus\AppData\Local\Instaloader\Data\onlineshopping\2025-02-26_22-01-58_UTC.txt
onlineshopping,Ramzan Arrival ğŸ¤â€¼ï¸,C:\Users\Asus\AppData\Local\Instaloader\Data\onlineshopping\2025-02-26_22-02-25_UTC.txt
onlineshopping,Ramzan Arrival ğŸ¤â€¼ï¸,C:\Users\Asus\AppData\Local\Instaloader\Data\onlineshopping\2025-02-26_22-02-29_UTC.txt
onlineshopping,Patek Philippe Geneve Watch Mineral glass High Quality Chain & Master Power Lock @anzashoppingstore,C:\Users\Asus\AppData\Local\Instaloader\Data\onlineshopping\2025-02-26_22-02-44_UTC.txt
onlineshopping,New satin pants are now available @caramelle_fashionleb in S-M-L,C:\Users\Asus\AppData\Local\Instaloader\Data\onlineshopping\2025-02-26_22-02-58_UTC.txt
onlineshopping,New Arrival ğŸ¤ for Ramzan ğŸ¤,C:\Users\Asus\AppData\Local\Instaloader\Data\onlineshopping\2025-02-26_22-03-29_UTC.txt
onlineshopping,New Arrival ğŸ¤ for Ramzan ğŸ¤,C:\Users\Asus\AppData\Local\Instaloader\Data\onlineshopping\2025-02-26_22-03-33_UTC.txt
onlineshopping,New satin pants are now available @caramelle_fashionleb in S-M-L,C:\Users\Asus\AppData\Local\Instaloader\Data\onlineshopping\2025-02-26_22-03-51_UTC.txt
onlineshopping,"KlasiÄna elegancija u tri nijanse â€“ zlatni, roze-zlatni i srebrni prsten sa cirkonima koji nikad ne izlaze iz mode.  SavrÅ¡en dodatak za svaki stil!.",C:\Users\Asus\AppData\Local\Instaloader\Data\onlineshopping\2025-02-26_22-04-16_UTC.txt
onlineshopping,#trending #insta #meme #fashionblogger #viral #photoshoot #explorepage #india #likes #new #bhfyp #dance #tiktok #trending #reels #youtube #funnymemes #onlineshopping #trend #comment #comedy,C:\Users\Asus\AppData\Local\Instaloader\Data\onlineshopping\2025-02-26_22-04-34_UTC.txt
onlineshopping,I HAVE THE IDEAL GIFT FOR YOUR LOVED ONES,C:\Users\Asus\AppData\Local\Instaloader\Data\onlineshopping\2025-02-26_22-04-58_UTC.txt
onlineshopping,Assalam o Alaikum.!,C:\Users\Asus\AppData\Local\Instaloader\Data\onlineshopping\2025-02-26_22-06-05_UTC.txt
onlineshopping,My beautiful SMEG coffee machine â˜•ï¸â¤ï¸,C:\Users\Asus\AppData\Local\Instaloader\Data\onlineshopping\2025-02-26_22-06-17_UTC.txt
onlineshopping,"Bold, breezy, and beautifully embroidered. âœ¨ These cuffed jeans are a must-have for spring style!",C:\Users\Asus\AppData\Local\Instaloader\Data\onlineshopping\2025-02-26_22-06-27_UTC.txt
onlineshopping,â¥ (ğğ„ğ–) : @theglamempire ğŸ«§ğŸ“¦,C:\Users\Asus\AppData\Local\Instaloader\Data\onlineshopping\2025-02-26_22-06-30_UTC.txt
onlineshopping,Are you ready for this? ğŸ˜± We present you Let's Party Sueded T-Shirt - Trendy T-Shirt - Cute Sueded Tee! ğŸ“¢,C:\Users\Asus\AppData\Local\Instaloader\Data\onlineshopping\2025-02-26_22-06-42_UTC.txt
onlineshopping,Choose from a collection of trendy fall dresses just from our Lawn Embroidered Range. So what you are waiting for? Grab your favorite one now.,C:\Users\Asus\AppData\Local\Instaloader\Data\onlineshopping\2025-02-26_22-06-57_UTC.txt
onlineshopping,"Michael had been running his handcrafted furniture business for over a decade. His craftsmanship was exceptional, and word-of-mouth kept him busy enough.",C:\Users\Asus\AppData\Local\Instaloader\Data\onlineshopping\2025-02-26_22-07-11_UTC.txt
onlineshopping,Shine bright this spring with the Diamond Pattern Bling Short! âœ¨ğŸ’ A little sparkle and a lot of style.,C:\Users\Asus\AppData\Local\Instaloader\Data\onlineshopping\2025-02-26_22-07-55_UTC.txt
onlineshopping,We'd like to extend a big thank you to @maris.adame! She walked in the Nuestra Cultura Gala this past weekend and absolutely rocked her look! Thank you for representing Bluebird Boutique in such a beautiful & confident way!,C:\Users\Asus\AppData\Local\Instaloader\Data\onlineshopping\2025-02-26_22-08-26_UTC.txt
onlineshopping,CÃ³mo Lograr que tu Marca Sea MÃ¡s Humana en un Mundo Digital,C:\Users\Asus\AppData\Local\Instaloader\Data\onlineshopping\2025-02-26_22-08-46_UTC.txt
onlineshopping,Now available at the Pop Topic shop! Items are also listed on our website WWW.POPTOPIC.SHOP,C:\Users\Asus\AppData\Local\Instaloader\Data\onlineshopping\2025-02-26_22-09-04_UTC.txt
onlineshopping,"Collection : ""Tarot Voyage""",C:\Users\Asus\AppData\Local\Instaloader\Data\onlineshopping\2025-02-26_22-09-29_UTC.txt
onlineshopping,My buddy came in today and picked up this Dogtown deck @5150skateshop #dogtownskates #skateshop #skateboardshop #mooresville #lakenorman #northcarolina #onlineshopping #instoreshopping,C:\Users\Asus\AppData\Local\Instaloader\Data\onlineshopping\2025-02-26_22-09-33_UTC.txt
onlineshopping,ğŸ’¯ğŸ’¯ Elegancija i moÄ‡ u jednom outfitu! ğŸ’¯ğŸ’¯,C:\Users\Asus\AppData\Local\Instaloader\Data\onlineshopping\2025-02-26_22-10-04_UTC.txt
onlineshopping,â™¡,C:\Users\Asus\AppData\Local\Instaloader\Data\onlineshopping\2025-02-26_22-10-08_UTC.txt
onlineshopping,Ù†Ø±Ø®Ù‰ Ø³ÙŠØª(Ù¡Ù¢Ù‡Ù‡ Ø²Ø§Ø±),C:\Users\Asus\AppData\Local\Instaloader\Data\onlineshopping\2025-02-26_22-10-16_UTC.txt
onlineshopping,Ù†Ø±Ø®Ù‰ Ø³ÙŠØª(Ù¡Ù¢Ù‡Ù‡ Ø²Ø§Ø±),C:\Users\Asus\AppData\Local\Instaloader\Data\onlineshopping\2025-02-26_22-11-08_UTC.txt
onlineshopping,Magic Necklaces ğŸ’œâœ¨,C:\Users\Asus\AppData\Local\Instaloader\Data\onlineshopping\2025-02-26_22-11-27_UTC.txt
onlineshopping,Ù†Ø±Ø®Ù‰ Ø³ÙŠØª(Ù¡Ù¢Ù‡Ù‡ Ø²Ø§Ø±),C:\Users\Asus\AppData\Local\Instaloader\Data\onlineshopping\2025-02-26_22-11-39_UTC.txt
onlineshopping,Hello and welcome to Sweet Picks Shop!,C:\Users\Asus\AppData\Local\Instaloader\Data\onlineshopping\2025-02-26_22-11-44_UTC.txt
onlineshopping,Sweatshirt Season.,C:\Users\Asus\AppData\Local\Instaloader\Data\onlineshopping\2025-02-26_22-12-33_UTC.txt
onlineshopping,ğŸ’¯ğŸ’¯ NOVA KOLEKCIJA!,C:\Users\Asus\AppData\Local\Instaloader\Data\onlineshopping\2025-02-26_22-13-01_UTC.txt
onlineshopping,Pre-order Only ğŸ›ï¸!,C:\Users\Asus\AppData\Local\Instaloader\Data\onlineshopping\2025-02-26_22-13-38_UTC.txt
onlineshopping,"Hunny, I'm Home Yarn T-Shirt",C:\Users\Asus\AppData\Local\Instaloader\Data\onlineshopping\2025-02-26_22-13-45_UTC.txt
onlineshopping,"Link In Bio! An exciting deal awaits you! Get the engaging and educational 'Learning Resources Sorting Surprise Picnic Baskets' now at a discounted price of $9.00, originally valued at $12.59! ğŸ‰ Ideal for keeping the youngsters actively learning & having fun! Hurry, because good deals won't last for long! ğŸ”¥\\n#Kesefdeals #LearningResources #PicnicBaskets #EducationalToys #SaleAlert #DealsOfTheDay #OnlineShopping #DiscountSales #BargainHunt",C:\Users\Asus\AppData\Local\Instaloader\Data\onlineshopping\2025-02-26_22-14-09_UTC.txt
onlineshopping,"Collection : ""Tarot Voyage""",C:\Users\Asus\AppData\Local\Instaloader\Data\onlineshopping\2025-02-26_22-14-27_UTC.txt
onlineshopping,Ø¬Ø§Ø§Ø§Ø§Ø§Ø§Ù…Ø¯ Ù Ø§Ù„Ù„Ø¨Ø³ ğŸ”¥ğŸ”¥,C:\Users\Asus\AppData\Local\Instaloader\Data\onlineshopping\2025-02-26_22-14-40_UTC.txt
onlineshopping,#sapuneartizanale#sapunnatyral#artizanat#sapunmequmeshtdhie#kujdesiperlekuren#vlorealbania#kujdesiperlekuren#sapunearomatike#dhuratatepersonalizuara#dhuratatevecanta#onlineshop#onlinebussines#onlineshopping,C:\Users\Asus\AppData\Local\Instaloader\Data\onlineshopping\2025-02-26_22-14-41_UTC.txt
onlineshopping,ğŸ‰ Get Your $100 SHEIN Gift Card Now â€“ Limited Time Offer! ğŸ‰,C:\Users\Asus\AppData\Local\Instaloader\Data\onlineshopping\2025-02-26_22-14-57_UTC.txt
onlineshopping,"â›…ï¸â˜˜ï¸WITH THESE PRICES, WE'RE ALL LUCKY!â˜˜ï¸â›…ï¸",C:\Users\Asus\AppData\Local\Instaloader\Data\onlineshopping\2025-02-26_22-15-19_UTC.txt
onlineshopping,Ù†Ø±Ø®Ù‰ (Ù¡Ù¥Ù‡Ù‡ Ø²Ø§Ø±),C:\Users\Asus\AppData\Local\Instaloader\Data\onlineshopping\2025-02-26_22-15-37_UTC.txt
onlineshopping,Swipe for more Colours,C:\Users\Asus\AppData\Local\Instaloader\Data\onlineshopping\2025-02-26_22-15-46_UTC.txt
onlineshopping,Dg00170,C:\Users\Asus\AppData\Local\Instaloader\Data\onlineshopping\2025-02-26_22-15-56_UTC.txt
onlineshopping,Waiting for payday? ğŸ’µ,C:\Users\Asus\AppData\Local\Instaloader\Data\onlineshopping\2025-02-26_22-16-07_UTC.txt
onlineshopping,Ù†Ø±Ø®Ù‰ (Ù¡Ù¥Ù‡Ù‡Ù‹ Ø²Ø§Ø±),C:\Users\Asus\AppData\Local\Instaloader\Data\onlineshopping\2025-02-26_22-16-37_UTC.txt
onlineshopping,Ø¹ Ø§Ù„Ø·Ø¨ÙŠØ¹Ø©â™¥ï¸â™¥ï¸,C:\Users\Asus\AppData\Local\Instaloader\Data\onlineshopping\2025-02-26_22-16-46_UTC.txt
onlineshopping,Huge clearance sale!,C:\Users\Asus\AppData\Local\Instaloader\Data\onlineshopping\2025-02-26_22-17-05_UTC.txt
onlineshopping,Dg00170,C:\Users\Asus\AppData\Local\Instaloader\Data\onlineshopping\2025-02-26_22-17-18_UTC.txt
onlineshopping,"Collection : ""Tarot Voyage""",C:\Users\Asus\AppData\Local\Instaloader\Data\onlineshopping\2025-02-26_22-17-27_UTC.txt
onlineshopping,Huge clearance sale!,C:\Users\Asus\AppData\Local\Instaloader\Data\onlineshopping\2025-02-26_22-17-31_UTC.txt
onlineshopping,"We are manufacturers of top quality sports wears, fashion wears, gym wears, dancing wears and leather wears too.",C:\Users\Asus\AppData\Local\Instaloader\Data\onlineshopping\2025-02-26_22-17-34_UTC.txt
onlineshopping,Elevate Your Campaigns with Us! ğŸŒŸ,C:\Users\Asus\AppData\Local\Instaloader\Data\onlineshopping\2025-02-26_22-17-42_UTC.txt
onlineshopping,RED ALERT ğŸš¨ @dripbox_clothing,C:\Users\Asus\AppData\Local\Instaloader\Data\onlineshopping\2025-02-26_22-17-43_UTC.txt
onlineshopping,Huge clearance sale!,C:\Users\Asus\AppData\Local\Instaloader\Data\onlineshopping\2025-02-26_22-18-17_UTC.txt
onlineshopping,Huge clearance sale!,C:\Users\Asus\AppData\Local\Instaloader\Data\onlineshopping\2025-02-26_22-18-39_UTC.txt
onlineshopping,Choose from a collection of trendy fall dresses just from our Lawn Embroidered Range. So what you are waiting for? Grab your favorite one now.,C:\Users\Asus\AppData\Local\Instaloader\Data\onlineshopping\2025-02-26_22-19-08_UTC.txt
onlineshopping,RED ALERT ğŸš¨ @dripbox_clothing,C:\Users\Asus\AppData\Local\Instaloader\Data\onlineshopping\2025-02-26_22-19-12_UTC.txt
onlineshopping,Swipe for more Colours,C:\Users\Asus\AppData\Local\Instaloader\Data\onlineshopping\2025-02-26_22-20-12_UTC.txt
onlineshopping,Dg0080,C:\Users\Asus\AppData\Local\Instaloader\Data\onlineshopping\2025-02-26_22-20-29_UTC.txt
onlineshopping,Don't Talk To Me Crewneck Sweatshirt,C:\Users\Asus\AppData\Local\Instaloader\Data\onlineshopping\2025-02-26_22-20-41_UTC.txt
onlineshopping,"This is HUGE!! Arieyl just leveled up in every way >>> simpler checkout, Apple Pay, Shopify, ğ…ğ‘ğ„ğ„ ğ’ğ‡ğˆğğğˆğğ† ğ¨ğ§ ğ¨ğ«ğğğ«ğ¬ $ğŸ“ğŸ+â€¦ ğ€ğğƒ ğ¥ğ¨ğ°ğğ« ğ©ğ«ğ¢ğœğğ¬?!",C:\Users\Asus\AppData\Local\Instaloader\Data\onlineshopping\2025-02-26_22-21-05_UTC.txt
onlineshopping,RED ALERT ğŸš¨ @dripbox_clothing,C:\Users\Asus\AppData\Local\Instaloader\Data\onlineshopping\2025-02-26_22-21-17_UTC.txt
onlineshopping,Dg0080,C:\Users\Asus\AppData\Local\Instaloader\Data\onlineshopping\2025-02-26_22-21-50_UTC.txt
onlineshopping,"Collection : ""Tarot Voyage""",C:\Users\Asus\AppData\Local\Instaloader\Data\onlineshopping\2025-02-26_22-22-05_UTC.txt
onlineshopping,RED ALERT ğŸš¨ @dripbox_clothing,C:\Users\Asus\AppData\Local\Instaloader\Data\onlineshopping\2025-02-26_22-22-30_UTC.txt
onlineshopping,Dg00100,C:\Users\Asus\AppData\Local\Instaloader\Data\onlineshopping\2025-02-26_22-22-43_UTC.txt
onlineshopping,"WHITE Oud Attar is a rare and exquisite fragrance derived from the precious agarwood, known for its deep, woody, and captivating aroma. What sets WHITE Oud apart is its lighter, more refined scent profile, making it a versatile choice for both men and women.",C:\Users\Asus\AppData\Local\Instaloader\Data\onlineshopping\2025-02-26_22-23-05_UTC.txt
onlineshopping,Dg00100,C:\Users\Asus\AppData\Local\Instaloader\Data\onlineshopping\2025-02-26_22-23-40_UTC.txt
onlineshopping,"WHITE Oud Attar is a rare and exquisite fragrance derived from the precious agarwood, known for its deep, woody, and captivating aroma. What sets WHITE Oud apart is its lighter, more refined scent profile, making it a versatile choice for both men and women.",C:\Users\Asus\AppData\Local\Instaloader\Data\onlineshopping\2025-02-26_22-23-55_UTC.txt
onlineshopping,"WHITE Oud Attar is a rare and exquisite fragrance derived from the precious agarwood, known for its deep, woody, and captivating aroma. What sets WHITE Oud apart is its lighter, more refined scent profile, making it a versatile choice for both men and women.",C:\Users\Asus\AppData\Local\Instaloader\Data\onlineshopping\2025-02-26_22-24-21_UTC.txt
onlineshopping,"Collection : ""Tarot Voyage""",C:\Users\Asus\AppData\Local\Instaloader\Data\onlineshopping\2025-02-26_22-24-22_UTC.txt
onlineshopping,Whatsapp or Dm us to order ğŸ›’,C:\Users\Asus\AppData\Local\Instaloader\Data\onlineshopping\2025-02-26_22-24-33_UTC.txt
onlineshopping,RED ALERT ğŸš¨ @dripbox_clothing,C:\Users\Asus\AppData\Local\Instaloader\Data\onlineshopping\2025-02-26_22-24-36_UTC.txt
onlineshopping,Huge clearance sale!,C:\Users\Asus\AppData\Local\Instaloader\Data\onlineshopping\2025-02-26_22-24-49_UTC.txt
onlineshopping,Dg0040,C:\Users\Asus\AppData\Local\Instaloader\Data\onlineshopping\2025-02-26_22-25-19_UTC.txt
onlineshopping,Customer's OrderğŸ˜ğŸ’œ PleaseSwipeâ¤ï¸ MulesğŸŒ¸BagğŸ‘œGreen ğŸ’š,C:\Users\Asus\AppData\Local\Instaloader\Data\onlineshopping\2025-02-26_22-25-52_UTC.txt
onlineshopping,"Stay warm, stay stylish. Our signature crewnecks are now on saleâ€”because you deserve comfort without compromise. Enjoy 15% OFF with code: CREW15.",C:\Users\Asus\AppData\Local\Instaloader\Data\onlineshopping\2025-02-26_22-26-10_UTC.txt
onlineshopping,Dg0040,C:\Users\Asus\AppData\Local\Instaloader\Data\onlineshopping\2025-02-26_22-26-11_UTC.txt
onlineshopping,"You asked, We listened! ğŸ™ŒğŸ™Œ We're bringing back 6 Inch Stainless Steel Boning Knife ğŸ“¢",C:\Users\Asus\AppData\Local\Instaloader\Data\onlineshopping\2025-02-26_22-26-32_UTC.txt
onlineshopping,RED ALERT ğŸš¨ @dripbox_clothing,C:\Users\Asus\AppData\Local\Instaloader\Data\onlineshopping\2025-02-26_22-26-40_UTC.txt
onlineshopping,ğŸ”¥ Selling fast! Grab yours before itâ€™s gone! #ShopWithNayNayâ€**,C:\Users\Asus\AppData\Local\Instaloader\Data\onlineshopping\2025-02-26_22-27-11_UTC.txt
onlineshopping,"Oh, but yes!!!",C:\Users\Asus\AppData\Local\Instaloader\Data\onlineshopping\2025-02-26_22-27-53_UTC.txt
onlineshopping,Huge clearance sale!,C:\Users\Asus\AppData\Local\Instaloader\Data\onlineshopping\2025-02-26_22-28-02_UTC.txt
onlineshopping,Dg0050,C:\Users\Asus\AppData\Local\Instaloader\Data\onlineshopping\2025-02-26_22-28-03_UTC.txt
onlineshopping,Los mejores jeans hechos en MÃ©xicoğŸ‡²ğŸ‡½âœ… Con la mejor mezclillağŸ’™ Luce espectacular y cÃ³moda siempreğŸ’ğŸ¼â€â™€ï¸âšœï¸ #jeans #jeanslovers #jeansfashion #fabricantes #moda #mayoreo #menudeo #jeansdama #jeansmom #jeanscargo #jeanswideleg #jeansskinny #guadalajara #enviosnacionales #denim #denimlovers #quality #onlineshopping #autentica #exclusiva #diseÃ±osexclusivos #calidad #mezclillapremium #mezclillastyle #aesthetic #trending,C:\Users\Asus\AppData\Local\Instaloader\Data\onlineshopping\2025-02-26_22-28-06_UTC.txt
onlineshopping,"Cade with a beautiful Upper Yakima Bow! Fishing has been great, and the upper river is still in good shape. Check our bio for the most recent fishing report.",C:\Users\Asus\AppData\Local\Instaloader\Data\onlineshopping\2025-02-26_22-28-07_UTC.txt
onlineshopping,Los mejores jeans hechos en MÃ©xicoğŸ‡²ğŸ‡½âœ… Con la mejor mezclillağŸ’™ Luce espectacular y cÃ³moda siempreğŸ’ğŸ¼â€â™€ï¸âšœï¸ #jeans #jeanslovers #jeansfashion #fabricantes #moda #mayoreo #menudeo #jeansdama #jeansmom #jeanscargo #jeanswideleg #jeansskinny #guadalajara #enviosnacionales #denim #denimlovers #quality #onlineshopping #autentica #exclusiva #diseÃ±osexclusivos #calidad #mezclillapremium #mezclillastyle #aesthetic #trending,C:\Users\Asus\AppData\Local\Instaloader\Data\onlineshopping\2025-02-26_22-28-13_UTC.txt
onlineshopping,Los mejores jeans hechos en MÃ©xicoğŸ‡²ğŸ‡½âœ… Con la mejor mezclillağŸ’™ Luce espectacular y cÃ³moda siempreğŸ’ğŸ¼â€â™€ï¸âšœï¸ #jeans #jeanslovers #jeansfashion #fabricantes #moda #mayoreo #menudeo #jeansdama #jeansmom #jeanscargo #jeanswideleg #jeansskinny #guadalajara #enviosnacionales #denim #denimlovers #quality #onlineshopping #autentica #exclusiva #diseÃ±osexclusivos #calidad #mezclillapremium #mezclillastyle #aesthetic #trending,C:\Users\Asus\AppData\Local\Instaloader\Data\onlineshopping\2025-02-26_22-28-14_UTC.txt
onlineshopping,TECHNO TRADE SOLUTIONS LIMITED,C:\Users\Asus\AppData\Local\Instaloader\Data\onlineshopping\2025-02-26_22-28-31_UTC.txt
onlineshopping,#Aldo sifarisimiz ğŸ˜ Ã§ox ÅŸirinğŸ¬ğŸ­,C:\Users\Asus\AppData\Local\Instaloader\Data\onlineshopping\2025-02-26_22-28-43_UTC.txt
onlineshopping,Dg0050,C:\Users\Asus\AppData\Local\Instaloader\Data\onlineshopping\2025-02-26_22-29-04_UTC.txt
onlineshopping,Transition into Warmer weather with this adorable romper ğŸ˜,C:\Users\Asus\AppData\Local\Instaloader\Data\onlineshopping\2025-02-26_22-29-58_UTC.txt
onlineshopping,Tema: BOB MCCUNE FISICOCULTURISMO CLÃSICO,C:\Users\Asus\AppData\Local\Instaloader\Data\onlineshopping\2025-02-26_22-30-06_UTC.txt
onlineshopping,Stay tunedâ€¦ğŸ¤­ğŸ¤­ğŸ¤­ğŸ¤­ğŸ¤­,C:\Users\Asus\AppData\Local\Instaloader\Data\onlineshopping\2025-02-26_22-30-16_UTC.txt
onlineshopping,Come shop our trendy inventory! ğŸ©·have questions? Please call @225-293-4168 #platoscloset #batonrouge #shoplocal #ootd #fashion #instastyle #onlineshopping #shopsmall #shopping #sale #online #shop #clothes #newarrivals #gentlyused,C:\Users\Asus\AppData\Local\Instaloader\Data\onlineshopping\2025-02-26_22-30-22_UTC.txt
onlineshopping,RED ALERT ğŸš¨ @dripbox_clothing,C:\Users\Asus\AppData\Local\Instaloader\Data\onlineshopping\2025-02-26_22-30-36_UTC.txt
onlineshopping,#watches #watch #watchesofinstagram #watchcollector #watchoftheday #watchaddict #watchfam #watchlover #wristwatch #rolex #fashion #instawatch #watchgeek #horology #watchnerd #watchphotography #timepiece #watchmania #luxury #luxurywatches #wristshot #dailywatch #jamtangan #watchcollection #seiko #luxurywatch #wristporn #onlineshopping #watchuseek #style @zenith @hadleyroma,C:\Users\Asus\AppData\Local\Instaloader\Data\onlineshopping\2025-02-26_22-30-45_UTC.txt
onlineshopping,RED ALERT ğŸš¨ @dripbox_clothing,C:\Users\Asus\AppData\Local\Instaloader\Data\onlineshopping\2025-02-26_22-31-48_UTC.txt
onlineshopping,#watches #watch #watchesofinstagram #watchcollector #watchoftheday #watchaddict #watchfam #watchlover #wristwatch #rolex #fashion #instawatch #watchgeek #horology #watchnerd #watchphotography #timepiece #watchmania #luxury #luxurywatches #wristshot #dailywatch #jamtangan #watchcollection #seiko #luxurywatch #wristporn #onlineshopping #watchuseek #style,C:\Users\Asus\AppData\Local\Instaloader\Data\onlineshopping\2025-02-26_22-32-40_UTC.txt
onlineshopping,Dg00120,C:\Users\Asus\AppData\Local\Instaloader\Data\onlineshopping\2025-02-26_22-33-16_UTC.txt
onlineshopping,âš«ï¸Paisley All Over Printâš«ï¸,C:\Users\Asus\AppData\Local\Instaloader\Data\onlineshopping\2025-02-26_22-33-21_UTC.txt
onlineshopping,RED ALERT ğŸš¨ @dripbox_clothing,C:\Users\Asus\AppData\Local\Instaloader\Data\onlineshopping\2025-02-26_22-33-44_UTC.txt
onlineshopping,Petal Parade Body Mist,C:\Users\Asus\AppData\Local\Instaloader\Data\onlineshopping\2025-02-26_22-33-46_UTC.txt
onlineshopping,Dg00120,C:\Users\Asus\AppData\Local\Instaloader\Data\onlineshopping\2025-02-26_22-34-37_UTC.txt
onlineshopping,Ramadan Collection 2025 ğŸŒ™,C:\Users\Asus\AppData\Local\Instaloader\Data\onlineshopping\2025-02-26_22-35-10_UTC.txt
onlineshopping,STATUS ANXIETY,C:\Users\Asus\AppData\Local\Instaloader\Data\onlineshopping\2025-02-26_22-35-43_UTC.txt
onlineshopping,RED ALERT ğŸš¨ @dripbox_clothing,C:\Users\Asus\AppData\Local\Instaloader\Data\onlineshopping\2025-02-26_22-36-46_UTC.txt
onlineshopping,Customized Sublimation Print zipper T. Shrit and other Products,C:\Users\Asus\AppData\Local\Instaloader\Data\onlineshopping\2025-02-26_22-37-29_UTC.txt
onlineshopping,RED ALERT ğŸš¨ @dripbox_clothing,C:\Users\Asus\AppData\Local\Instaloader\Data\onlineshopping\2025-02-26_22-37-59_UTC.txt
onlineshopping,Polo Tracksuits available ğŸ©¸,C:\Users\Asus\AppData\Local\Instaloader\Data\onlineshopping\2025-02-26_22-38-18_UTC.txt
onlineshopping,Check out Adorable ğŸ¥° Jayne Moore all dressed in VintageGypsy Boutique!!,C:\Users\Asus\AppData\Local\Instaloader\Data\onlineshopping\2025-02-26_22-38-49_UTC.txt
onlineshopping,Main Character Energy,C:\Users\Asus\AppData\Local\Instaloader\Data\onlineshopping\2025-02-26_22-39-06_UTC.txt
onlineshopping,#1gramgold #onegramjewellery #1gram #onlineshopping #shopping #onlineshopping #Victoria #Victoriajewellery #reels #trending,C:\Users\Asus\AppData\Local\Instaloader\Data\onlineshopping\2025-02-26_22-39-39_UTC.txt
onlineshopping,Guess x Northface x Nike Zions â˜‘ï¸,C:\Users\Asus\AppData\Local\Instaloader\Data\onlineshopping\2025-02-26_22-39-43_UTC.txt
onlineshopping,â˜¾ â€¢ Teddy Speendoekjes â€¢ ğŸ§¸ Personaliseer deze leuke doekjes met naam â€¢ GIFT IDEA: helemaal leuk om als kraamcadeautje te geven â€¢ âœ©,C:\Users\Asus\AppData\Local\Instaloader\Data\onlineshopping\2025-02-26_22-40-03_UTC.txt
onlineshopping,Upcoming launch sunflower khadhi cotton ğŸŒ»ğŸŒ»ğŸŒ»ğŸŒ»,C:\Users\Asus\AppData\Local\Instaloader\Data\onlineshopping\2025-02-26_22-40-32_UTC.txt
onlineshopping,Bape Top x Bape Pants x Nike - Ja Morants,C:\Users\Asus\AppData\Local\Instaloader\Data\onlineshopping\2025-02-26_22-41-03_UTC.txt
onlineshopping,"Limited Edition Coach Bag, with tags! ğŸ·ï¸",C:\Users\Asus\AppData\Local\Instaloader\Data\onlineshopping\2025-02-26_22-42-08_UTC.txt
onlineshopping,Tomorrow's ticket is avalible and confirmedâ¤ï¸ğŸ–¤,C:\Users\Asus\AppData\Local\Instaloader\Data\onlineshopping\2025-02-26_22-44-14_UTC.txt
onlineshopping,â˜€ï¸ Summer Collection 2025 â˜€ï¸,C:\Users\Asus\AppData\Local\Instaloader\Data\onlineshopping\2025-02-26_22-44-49_UTC.txt
onlineshopping,SipariÅŸ iÃ§in dm den iletiÅŸime geÃ§ebilirsiniz ğŸ™ğŸ»ğŸ’•,C:\Users\Asus\AppData\Local\Instaloader\Data\onlineshopping\2025-02-26_22-45-09_UTC.txt
onlineshopping,â˜€ï¸ Summer Collection 2025 â˜€ï¸,C:\Users\Asus\AppData\Local\Instaloader\Data\onlineshopping\2025-02-26_22-45-14_UTC.txt
onlineshopping,â˜€ï¸ Summer Collection 2025 â˜€ï¸,C:\Users\Asus\AppData\Local\Instaloader\Data\onlineshopping\2025-02-26_22-45-49_UTC.txt
onlineshopping,"Our product line features an enormous array of high-quality, affordable merchandise. Visit our Online Superstore! FREE shipping in USA!",C:\Users\Asus\AppData\Local\Instaloader\Data\onlineshopping\2025-02-26_22-46-19_UTC.txt
onlineshopping,ğŸŒ™RAMADAN SPECIALğŸŒ™,C:\Users\Asus\AppData\Local\Instaloader\Data\onlineshopping\2025-02-26_22-46-22_UTC.txt
onlineshopping,"NEW DESIGN called "" Friendship has NO COLOR""",C:\Users\Asus\AppData\Local\Instaloader\Data\onlineshopping\2025-02-26_22-46-34_UTC.txt
onlineshopping,Tomorrow's ticket is avalible and confirmed,C:\Users\Asus\AppData\Local\Instaloader\Data\onlineshopping\2025-02-26_22-46-39_UTC.txt
onlineshopping,Dg00155,C:\Users\Asus\AppData\Local\Instaloader\Data\onlineshopping\2025-02-26_22-46-51_UTC.txt
onlineshopping,ORLY GLOSSER ia a high shine top coat that gives your polish lasting protection and a gorgeously glossy finish.,C:\Users\Asus\AppData\Local\Instaloader\Data\onlineshopping\2025-02-26_22-48-13_UTC.txt
onlineshopping,Dg00155,C:\Users\Asus\AppData\Local\Instaloader\Data\onlineshopping\2025-02-26_22-48-27_UTC.txt
onlineshopping,Dg0085,C:\Users\Asus\AppData\Local\Instaloader\Data\onlineshopping\2025-02-26_22-49-01_UTC.txt
onlineshopping,Our new space is taking a little longer than antcipated. So we decided to have a few pop ups while we wait. The first one being this weekend.,C:\Users\Asus\AppData\Local\Instaloader\Data\onlineshopping\2025-02-26_22-49-06_UTC.txt
onlineshopping,"The beautiful Baia rug from the ALTRO MONDO Collection! Named after the star-studded Italian nightclub frequented by Disco-era icons like Grace Jones and Amanda Lear, this sensational hide rug features a mosaic of natural hide tones enhanced with a splash of silver metallic.  Explore the full collection on our website!",C:\Users\Asus\AppData\Local\Instaloader\Data\onlineshopping\2025-02-26_22-49-25_UTC.txt
onlineshopping,Ø§ÙƒÙˆØ§Ø¨ Ø§Ù„ÙØµÙˆÙ„ Ø§Ù„Ø§Ø±Ø¨Ø¹Ø© ØªÙˆÙØ±Øª ğŸ˜,C:\Users\Asus\AppData\Local\Instaloader\Data\onlineshopping\2025-02-26_22-50-02_UTC.txt
onlineshopping,Ø§ÙƒÙˆØ§Ø¨ Ø§Ù„ÙØµÙˆÙ„ Ø§Ù„Ø§Ø±Ø¨Ø¹Ø© ØªÙˆÙØ±Øª ğŸ˜,C:\Users\Asus\AppData\Local\Instaloader\Data\onlineshopping\2025-02-26_22-50-18_UTC.txt
onlineshopping,Dg0085,C:\Users\Asus\AppData\Local\Instaloader\Data\onlineshopping\2025-02-26_22-50-24_UTC.txt
onlineshopping,Ø§ÙƒÙˆØ§Ø¨ Ø§Ù„ÙØµÙˆÙ„ Ø§Ù„Ø§Ø±Ø¨Ø¹Ø© ØªÙˆÙØ±Øª ğŸ˜,C:\Users\Asus\AppData\Local\Instaloader\Data\onlineshopping\2025-02-26_22-50-31_UTC.txt
onlineshopping,From a cold day a few years back. I have some prime days for Skwala action in mid-late March available. Shoot me a message to get on the water!,C:\Users\Asus\AppData\Local\Instaloader\Data\onlineshopping\2025-02-26_22-50-51_UTC.txt
onlineshopping,Tomorrow's ticket is avalible and confirmedğŸš¨â¤ï¸ğŸ–¤,C:\Users\Asus\AppData\Local\Instaloader\Data\onlineshopping\2025-02-26_22-50-58_UTC.txt
onlineshopping,Dg00130,C:\Users\Asus\AppData\Local\Instaloader\Data\onlineshopping\2025-02-26_22-51-10_UTC.txt
onlineshopping,It's Auction Day-1 and time is almost up to bid on these MILO BAUGHMAN FOR FLAIR FURNITURE MCM CUT-OUT LOUNGE CHAIRS in our February 26th & 27th MCM and Arts & Crafts auctions.mclarenauction.com to view the entire catalog and get registered to bid!.,C:\Users\Asus\AppData\Local\Instaloader\Data\onlineshopping\2025-02-26_22-51-17_UTC.txt
onlineshopping,Dm or Whatsapp us to order,C:\Users\Asus\AppData\Local\Instaloader\Data\onlineshopping\2025-02-26_22-51-29_UTC.txt
onlineshopping,Apni Marji ka Raja ğŸ‘‘âšœï¸...,C:\Users\Asus\AppData\Local\Instaloader\Data\onlineshopping\2025-02-26_22-51-43_UTC.txt
onlineshopping,Dg00130,C:\Users\Asus\AppData\Local\Instaloader\Data\onlineshopping\2025-02-26_22-52-21_UTC.txt
onlineshopping,#inspo ğŸ‘¢,C:\Users\Asus\AppData\Local\Instaloader\Data\onlineshopping\2025-02-26_22-53-13_UTC.txt
onlineshopping,â€¢KINDEY/MIYARAMğŸ§¶,C:\Users\Asus\AppData\Local\Instaloader\Data\onlineshopping\2025-02-26_22-53-49_UTC.txt
onlineshopping,ITS #WEARITWEDNESDAY @everyone POST YOUR #SELFIES AND TAG ME  AND BE ENTERED TO #WIN #FREE #BLING !! #PAPARAZZIACCESSORIES #PAPARAZZI #ONLINESHOPPING #SHOP #JOINME #JEWELRY #5DOLLARBLING #WEDNESDAY,C:\Users\Asus\AppData\Local\Instaloader\Data\onlineshopping\2025-02-26_22-54-02_UTC.txt
onlineshopping,Yepyeni ğŸ§¡ğŸ§¡ ğ˜„ğ˜„ğ˜„.ğ—´ğ˜‚ğ—ºğ˜‚ğ˜€ğ—¹ğ—®ğ—½ğ—¶ğ˜€.ğ—°ğ—¼ğ—º  #shopping #instashopping #onlineshopping #fashion #style #love #follow #design #instagram #tasarÄ±m #moda #eliÅŸi #doÄŸaltaÅŸ #naturalstone #925 #gÃ¼mÃ¼ÅŸ #silver #alÄ±ÅŸveriÅŸ #ankara #yÃ¼zÃ¼k #bileklik #ÅŸahmeran #kolye #kÃ¼pe #set #2025,C:\Users\Asus\AppData\Local\Instaloader\Data\onlineshopping\2025-02-26_22-55-27_UTC.txt
onlineshopping,atsurotayama Floating with layer.,C:\Users\Asus\AppData\Local\Instaloader\Data\onlineshopping\2025-02-26_22-55-51_UTC.txt
onlineshopping,It's Auction Day-1 and time is almost up to bid on this L. & J.G. STICKLEY QUARTERSAWN OAK GRANDFATHER CLOCK MODEL 86 in our February 26th & 27th MCM and Arts & Crafts auctions.mclarenauction.com to view the entire catalog and get registered to bid!.,C:\Users\Asus\AppData\Local\Instaloader\Data\onlineshopping\2025-02-26_22-56-25_UTC.txt
onlineshopping,"ğŸ¤à¤¤à¥‡à¤°à¥€ à¤¹à¤° à¤®à¥à¤¸à¥à¤•à¤¾à¤¨ à¤®à¥‡à¤‚ à¤®à¥‡à¤°à¤¾ à¤¸à¤¬ à¤•à¥à¤› à¤›à¥à¤ªà¤¾ à¤¹à¥ˆ, ğŸ˜Šà¤¤à¥‡à¤°à¥‡ à¤¬à¤¿à¤¨à¤¾ à¤®à¥‡à¤°à¤¾ à¤¦à¤¿à¤² à¤¬à¥‡à¤°à¤¹à¤® à¤¹à¥ˆà¥¤""ğŸ’¯ğŸ«€@istiar_ahmed_official",C:\Users\Asus\AppData\Local\Instaloader\Data\onlineshopping\2025-02-26_22-56-33_UTC.txt
onlineshopping,Don't wanna break the bank? Then it's the perfect sneaker for your babygirl...,C:\Users\Asus\AppData\Local\Instaloader\Data\onlineshopping\2025-02-26_22-56-47_UTC.txt
onlineshopping,Living life by my own termsğŸ˜ğŸ˜âš¡...,C:\Users\Asus\AppData\Local\Instaloader\Data\onlineshopping\2025-02-26_22-57-42_UTC.txt
onlineshopping,For I Know The Plans I Have For You,C:\Users\Asus\AppData\Local\Instaloader\Data\onlineshopping\2025-02-26_22-59-27_UTC.txt
onlineshopping,"ğ™‚ğ™šğ™ğ™£ğ™¨ğ™¥ğ™ğ™§ğ™šğ™šğ™§ğ™™ ğ™™ğ™¤ğ™¤ğ™§ ğ™¨ğ™£ğ™šğ™¡ğ™ğ™šğ™ğ™™, ğ™œğ™šğ™¢ğ™–ğ™–ğ™ ğ™© ğ™«ğ™¤ğ™¤ğ™§ ğ™›ğ™–ğ™£ğ™¨!ğŸš€",C:\Users\Asus\AppData\Local\Instaloader\Data\onlineshopping\2025-02-26_23-00-03_UTC.txt
onlineshopping,Stripes with a touch of sparkle ğŸ’™âœ¨ The embellished blouse thatâ€™s as unique as you are!,C:\Users\Asus\AppData\Local\Instaloader\Data\onlineshopping\2025-02-26_23-00-10_UTC.txt
onlineshopping,3-Piece White Dress â€“ Little Family,C:\Users\Asus\AppData\Local\Instaloader\Data\onlineshopping\2025-02-26_23-00-11_UTC.txt
onlineshopping,"Cute Teddy Bears Garden Flag 19""x27"" Double-Sided Yard Flags for Outside Outdoor All Seasonal Decoration",C:\Users\Asus\AppData\Local\Instaloader\Data\onlineshopping\2025-02-26_23-00-12_UTC.txt
onlineshopping,#linkinbio #shoponline #onlineshopping #winchester #winchesterwildcat #wildcat #forgedcarbongray #bronsonandbronson #kingstonontario #ontariocanada #smallbusiness #localbusiness #familyownedandoperated #canadiansmallbusiness,C:\Users\Asus\AppData\Local\Instaloader\Data\onlineshopping\2025-02-26_23-00-13_UTC.txt
onlineshopping,"ğŸ’ƒğŸ»Â¡Descubre @Paco_lola! ğŸ·âœ¨ Una forma joven y moderna de disfrutar el vino, reconocida en todo el mundo por su imagen sofisticada y divertida. SÃ© parte de la nueva generaciÃ³n de amantes del vino. Â¡Salud! ğŸ˜ğŸ·",C:\Users\Asus\AppData\Local\Instaloader\Data\onlineshopping\2025-02-26_23-00-14_UTC.txt
onlineshopping,ğŸ’¥ğŸ’¥ NEW HOBBY MIO PRODUCT!! ğŸ’¥ğŸ’¥,C:\Users\Asus\AppData\Local\Instaloader\Data\onlineshopping\2025-02-26_23-00-15_UTC.txt
onlineshopping,ğŸ’šKnow someone named âœ¨JOSIEâœ¨ who would love this hat?! Leave an emoji in the comments for a chance to WlN!,C:\Users\Asus\AppData\Local\Instaloader\Data\onlineshopping\2025-02-26_23-00-16_UTC.txt
onlineshopping,"Get ready to dance like an angel with Saint Augustin's inspiring words in mind! Whether you're a dance pro or just learning the steps, show off your love for dancing and faith with our exclusive design. Shop our collection of tshirts, hoodies, mugs, and more at the Genuflect Store. Check out our profile for the link to shop now!",C:\Users\Asus\AppData\Local\Instaloader\Data\onlineshopping\2025-02-26_23-00-32_UTC.txt
onlineshopping,ğŸ’„ I only have (1) Poppy & Pout Tinted Lip Balm let in each color!,C:\Users\Asus\AppData\Local\Instaloader\Data\onlineshopping\2025-02-26_23-00-53_UTC.txt
onlineshopping,"Your home, but make it five-star. âœ¨ğŸ¨",C:\Users\Asus\AppData\Local\Instaloader\Data\onlineshopping\2025-02-26_23-01-01_UTC.txt
onlineshopping,âœ¨ Elegancija i stil u jednom! âœ¨,C:\Users\Asus\AppData\Local\Instaloader\Data\onlineshopping\2025-02-26_23-01-19_UTC.txt
onlineshopping,"It's Auction Day-1 and time is almost up to bid on this 1930s CATALINA POTTERY IVORY GLAZE ARTS & CRAFTS STYLE ""INDIAN VASE"" in our February 26th & 27th MCM and Arts & Crafts auctions.mclarenauction.com to view the entire catalog and get registered to bid!.",C:\Users\Asus\AppData\Local\Instaloader\Data\onlineshopping\2025-02-26_23-01-35_UTC.txt
onlineshopping,Rupees 2000 Only,C:\Users\Asus\AppData\Local\Instaloader\Data\onlineshopping\2025-02-26_23-01-45_UTC.txt
scamalert,"#engidex is scamming crypto users, stealing their funds, and refusing withdrawals. Lost Ethereum or USDT? Contact me to recover your money now!",C:\Users\Asus\AppData\Local\Instaloader\Data\scamalert\2025-02-26_17-59-30_UTC.txt
scamalert,"#Notzy is scamming crypto users, stealing their funds, and refusing withdrawals. Lost Ethereum or USDT? Contact me to recover your money now!",C:\Users\Asus\AppData\Local\Instaloader\Data\scamalert\2025-02-26_17-59-51_UTC.txt
scamalert,ğŸš¨ WARNING: #Kresbit is scamming investors! ğŸš¨,C:\Users\Asus\AppData\Local\Instaloader\Data\scamalert\2025-02-26_18-00-07_UTC.txt
scamalert,Suspicious email? Potential scam?,C:\Users\Asus\AppData\Local\Instaloader\Data\scamalert\2025-02-26_18-00-11_UTC.txt
scamalert,As hospice scams become more,C:\Users\Asus\AppData\Local\Instaloader\Data\scamalert\2025-02-26_18-00-20_UTC.txt
scamalert,ğŸš¨ WARNING: #Kresbit is scamming investors! ğŸš¨,C:\Users\Asus\AppData\Local\Instaloader\Data\scamalert\2025-02-26_18-01-42_UTC.txt
scamalert,"ğŸš¨ #Feedash is blocking withdrawals and stealing funds from crypto holders! If youâ€™ve lost USDT, ETH, or other cryptocurrencies, reach out to me now for professional recovery assistance!",C:\Users\Asus\AppData\Local\Instaloader\Data\scamalert\2025-02-26_18-02-05_UTC.txt
scamalert,ğŸš¨ STAY SAFE!,C:\Users\Asus\AppData\Local\Instaloader\Data\scamalert\2025-02-26_18-02-06_UTC.txt
scamalert,Think Twice Before Trusting #Lobitcoin,C:\Users\Asus\AppData\Local\Instaloader\Data\scamalert\2025-02-26_18-03-30_UTC.txt
scamalert,"This platform is a scam! If youâ€™re struggling to withdraw your cryptocurrencies, reach out now to recover your funds!",C:\Users\Asus\AppData\Local\Instaloader\Data\scamalert\2025-02-26_18-03-57_UTC.txt
scamalert,ğŸš¨#Swiftcryptox is a scam,C:\Users\Asus\AppData\Local\Instaloader\Data\scamalert\2025-02-26_18-06-10_UTC.txt
scamalert,ğŸš¨ SCAM ALERT!,C:\Users\Asus\AppData\Local\Instaloader\Data\scamalert\2025-02-26_18-06-27_UTC.txt
scamalert,"#Engidex is scamming crypto users by stealing their funds and refusing withdrawals. If youâ€™ve lost Ethereum, USDT, or other assets, donâ€™t waitâ€”contact me now for help recovering your money!",C:\Users\Asus\AppData\Local\Instaloader\Data\scamalert\2025-02-26_18-06-42_UTC.txt
scamalert,Think Twice Before Trusting #Lobitcoin,C:\Users\Asus\AppData\Local\Instaloader\Data\scamalert\2025-02-26_18-11-16_UTC.txt
scamalert,ğŸš¨#Swiftcryptox is a scam,C:\Users\Asus\AppData\Local\Instaloader\Data\scamalert\2025-02-26_18-12-24_UTC.txt
scamalert,"#Engidex is scamming crypto users by stealing their funds and refusing withdrawals. If youâ€™ve lost Ethereum, USDT, or other assets, donâ€™t waitâ€”contact me now for help recovering your money!",C:\Users\Asus\AppData\Local\Instaloader\Data\scamalert\2025-02-26_18-12-40_UTC.txt
scamalert,ğŸš¨ Scam Alert,C:\Users\Asus\AppData\Local\Instaloader\Data\scamalert\2025-02-26_18-13-25_UTC.txt
scamalert,"If youâ€™ve been misled into investing in the #Notzy platform, Iâ€™m here to help. Reach out to me via direct message now for assistance with recovering your funds.",C:\Users\Asus\AppData\Local\Instaloader\Data\scamalert\2025-02-26_18-14-43_UTC.txt
scamalert,âš ï¸ Warning: #Notzy is a Scam! âš ï¸,C:\Users\Asus\AppData\Local\Instaloader\Data\scamalert\2025-02-26_18-15-05_UTC.txt
scamalert,ğŸš¨ URGENT SCAM WARNING!,C:\Users\Asus\AppData\Local\Instaloader\Data\scamalert\2025-02-26_18-32-19_UTC.txt
scamalert,âš ï¸ STAY AWAY!,C:\Users\Asus\AppData\Local\Instaloader\Data\scamalert\2025-02-26_18-32-54_UTC.txt
scamalert,"ğŸš¨If you've lost Ethereum, USDT, or BTC to #Wirbit, you're not alone. They're blocking withdrawals and taking funds. Reach out to me immediately to recover your money before it's too late",C:\Users\Asus\AppData\Local\Instaloader\Data\scamalert\2025-02-26_18-33-47_UTC.txt
scamalert,ğ— ğ—²ğ—ºğ—² ğ—°ğ—¼ğ—¶ğ—»ğ˜€ ğ—®ğ—¿ğ—² ğ—»ğ—¼ğ˜ ğ˜„ğ—¼ğ—¿ğ˜ğ—µ ğ˜ğ—µğ—² ğ—´ğ—®ğ—ºğ—¯ğ—¹ğ—²!,C:\Users\Asus\AppData\Local\Instaloader\Data\scamalert\2025-02-26_18-35-50_UTC.txt
scamalert,"Lost your cryptocurrency or money to scam, we can help you with recovery in 30 minutes, DM asap",C:\Users\Asus\AppData\Local\Instaloader\Data\scamalert\2025-02-26_18-37-50_UTC.txt
scamalert,ğŸš¨ğŸš¨IMPORTANT NOTICE: Protect Yourself from Scammers!ğŸš¨ğŸš¨,C:\Users\Asus\AppData\Local\Instaloader\Data\scamalert\2025-02-26_18-46-56_UTC.txt
scamalert,ğŸš¨ Scam Alert! ğŸš¨,C:\Users\Asus\AppData\Local\Instaloader\Data\scamalert\2025-02-26_18-50-09_UTC.txt
scamalert,Getting back cryptocurrency and fraud cases from different Ponzi schemes has been really a pain in the ass with so many scammers into the space of helping you recover.,C:\Users\Asus\AppData\Local\Instaloader\Data\scamalert\2025-02-26_18-51-03_UTC.txt
scamalert,ğŸš¨ URGENT WARNING!,C:\Users\Asus\AppData\Local\Instaloader\Data\scamalert\2025-02-26_19-02-56_UTC.txt
scamalert,ğŸš¨ Scam Alert! ğŸš¨,C:\Users\Asus\AppData\Local\Instaloader\Data\scamalert\2025-02-26_19-06-14_UTC.txt
scamalert,ğŸš¨ WARNING: #Kresbit is scamming investors! ğŸš¨,C:\Users\Asus\AppData\Local\Instaloader\Data\scamalert\2025-02-26_19-06-27_UTC.txt
scamalert,ğŸ†˜ Need help recovering funds from #Bpstockpro? Theyâ€™re blocking withdrawals and taking crypto! Message me today!,C:\Users\Asus\AppData\Local\Instaloader\Data\scamalert\2025-02-26_19-06-58_UTC.txt
scamalert,ğŸš¨ #Swiftcryptox is a scam! ğŸš¨,C:\Users\Asus\AppData\Local\Instaloader\Data\scamalert\2025-02-26_19-08-09_UTC.txt
scamalert,ğŸš¨ #Swiftcryptox is a scam! ğŸš¨,C:\Users\Asus\AppData\Local\Instaloader\Data\scamalert\2025-02-26_19-08-54_UTC.txt
scamalert,ğŸš¨ SCAM ALERT! ğŸš¨,C:\Users\Asus\AppData\Local\Instaloader\Data\scamalert\2025-02-26_19-26-43_UTC.txt
scamalert,ğŸš¨ DONâ€™T TRUST #CIVODEX! ğŸš¨,C:\Users\Asus\AppData\Local\Instaloader\Data\scamalert\2025-02-26_19-31-50_UTC.txt
scamalert,"âš ï¸ Crypto Investors, Beware! âš ï¸",C:\Users\Asus\AppData\Local\Instaloader\Data\scamalert\2025-02-26_19-32-34_UTC.txt
scamalert,"ğŸš¨ Lost Ethereum, USDT, or BTC to #Wirbit?ğŸš¨",C:\Users\Asus\AppData\Local\Instaloader\Data\scamalert\2025-02-26_19-33-43_UTC.txt
scamalert,"ğŸš¨#Gatbit is scamming crypto investors! If you lost money or canâ€™t withdraw your funds, contact me now to recover them! #Crypto #Scam #CryptoScam #ScamAlert #Investmentscam #GQFX #euronext #europeanex #987btc #coinfaxpro #fascrypto #usdcbtc #brckex #brcpro #ysbit #NEPTUNERECOVERY",C:\Users\Asus\AppData\Local\Instaloader\Data\scamalert\2025-02-26_19-35-40_UTC.txt
scamalert,ğŸš¨ STAY SAFE!,C:\Users\Asus\AppData\Local\Instaloader\Data\scamalert\2025-02-26_19-36-02_UTC.txt
scamalert,ğŸš¨ WARNING: (syncrypto.net) is a SCAM,C:\Users\Asus\AppData\Local\Instaloader\Data\scamalert\2025-02-26_19-36-38_UTC.txt
scamalert,ğŸš¨ SCAM ALERT! ğŸš¨,C:\Users\Asus\AppData\Local\Instaloader\Data\scamalert\2025-02-26_19-38-10_UTC.txt
scamalert,"ğŸš¨ #Feedash is blocking withdrawals and stealing funds from crypto holders! If youâ€™ve lost USDT, Ethereum, or other cryptocurrencies, contact me now for expert recovery assistance!",C:\Users\Asus\AppData\Local\Instaloader\Data\scamalert\2025-02-26_19-38-37_UTC.txt
scamalert,"You can still submit reports with the Consumer Financial Protection Bureau (CFPB) and Federal Trade Commission (FTC) if you're a victim of fraud or think you might be targeted. We have links and instructions at www.lacsn.org/fraud for those agencies, as well as for @nvattorneygeneral and @bbbsouthnv.",C:\Users\Asus\AppData\Local\Instaloader\Data\scamalert\2025-02-26_19-40-20_UTC.txt
scamalert,ğŸš¨ SCAM ALERT!,C:\Users\Asus\AppData\Local\Instaloader\Data\scamalert\2025-02-26_19-42-09_UTC.txt
scamalert,ğŸš¨ WARNING: #Kresbit is scamming investors! ğŸš¨,C:\Users\Asus\AppData\Local\Instaloader\Data\scamalert\2025-02-26_19-42-42_UTC.txt
scamalert,ğŸš¨ **Attention Service Members** ğŸš¨,C:\Users\Asus\AppData\Local\Instaloader\Data\scamalert\2025-02-26_19-43-07_UTC.txt
scamalert,"This platform is a scam! If youâ€™re struggling to withdraw your cryptocurrencies, reach out now to recover your funds!",C:\Users\Asus\AppData\Local\Instaloader\Data\scamalert\2025-02-26_19-43-31_UTC.txt
scamalert,"ğŸš¨ #Feedash is blocking withdrawals and stealing funds from crypto users! If youâ€™ve lost USDT or Ethereum, reach out to me now for professional recovery assistance!",C:\Users\Asus\AppData\Local\Instaloader\Data\scamalert\2025-02-26_19-43-56_UTC.txt
scamalert,"ğŸš¨ #Feedash is blocking withdrawals and stealing funds from crypto holders! If youâ€™ve lost USDT, Ethereum, or other cryptocurrencies, contact me now for expert recovery assistance!",C:\Users\Asus\AppData\Local\Instaloader\Data\scamalert\2025-02-26_19-45-54_UTC.txt
scamalert,"ğŸš¨ #Feedash is blocking withdrawals and stealing funds from crypto holders! If youâ€™ve lost USDT, Ethereum, or other cryptocurrencies, contact me now for expert recovery assistance!",C:\Users\Asus\AppData\Local\Instaloader\Data\scamalert\2025-02-26_19-46-39_UTC.txt
scamalert,ğŸš¨ SCAM ALERT: Federal Jury Subpoena Calls ğŸš¨,C:\Users\Asus\AppData\Local\Instaloader\Data\scamalert\2025-02-26_20-06-32_UTC.txt
scamalert,ğŸš¨ Warning!,C:\Users\Asus\AppData\Local\Instaloader\Data\scamalert\2025-02-26_20-08-38_UTC.txt
scamalert,âš ï¸ YOUR FUNDS ARE IN DANGER! âš ï¸,C:\Users\Asus\AppData\Local\Instaloader\Data\scamalert\2025-02-26_20-12-46_UTC.txt
scamalert,Cyber Update,C:\Users\Asus\AppData\Local\Instaloader\Data\scamalert\2025-02-26_20-13-25_UTC.txt
scamalert,ğŸš¨ SCAM ALERT: Fake Toll Notice ğŸš¨,C:\Users\Asus\AppData\Local\Instaloader\Data\scamalert\2025-02-26_20-19-05_UTC.txt
scamalert,"#Swiftcryptox is scamming crypto users, stealing their funds, and refusing withdrawals.",C:\Users\Asus\AppData\Local\Instaloader\Data\scamalert\2025-02-26_20-19-44_UTC.txt
scamalert,"ğŸš¨ğŸ” Can you tell a real message from a phishing scam? Scammers are getting sneakier, and one wrong tap could cost you! Check out our tips and learn how to spot and avoid dangerous links so you donâ€™t fall for their tricks.",C:\Users\Asus\AppData\Local\Instaloader\Data\scamalert\2025-02-26_20-20-24_UTC.txt
scamalert,"#Notzy is scamming crypto users, stealing their funds, and refusing withdrawals. Lost Ethereum or USDT? Contact me to recover your money now!",C:\Users\Asus\AppData\Local\Instaloader\Data\scamalert\2025-02-26_20-24-22_UTC.txt
scamalert,ğŸš¨ Fraud Alert ğŸš¨,C:\Users\Asus\AppData\Local\Instaloader\Data\scamalert\2025-02-26_20-26-33_UTC.txt
scamalert,ğŸš¨ SCAM ALERT: FEEDASH! ğŸš¨,C:\Users\Asus\AppData\Local\Instaloader\Data\scamalert\2025-02-26_20-29-17_UTC.txt
scamalert,ğŸš¨ Fraud Alert ğŸš¨,C:\Users\Asus\AppData\Local\Instaloader\Data\scamalert\2025-02-26_20-29-42_UTC.txt
scamalert,Scam Alert Series Part 3 - Grandparent Scam,C:\Users\Asus\AppData\Local\Instaloader\Data\scamalert\2025-02-26_20-30-05_UTC.txt
scamalert,ğŸš¨ STAY SAFE!,C:\Users\Asus\AppData\Local\Instaloader\Data\scamalert\2025-02-26_20-30-52_UTC.txt
scamalert,ğŸš¨ Donâ€™t Fall for the Scam! ğŸš¨,C:\Users\Asus\AppData\Local\Instaloader\Data\scamalert\2025-02-26_20-31-40_UTC.txt
scamalert,ğŸš¨ STAY SAFE!,C:\Users\Asus\AppData\Local\Instaloader\Data\scamalert\2025-02-26_20-33-26_UTC.txt
scamalert,"ğŸš¨#Gatbit is scamming crypto investors! If you lost money or canâ€™t withdraw your funds, contact me now to recover them! #Crypto #Scam #CryptoScam #ScamAlert #Investmentscam #GQFX #euronext #europeanex #987btc #coinfaxpro #fascrypto #usdcbtc #brckex #brcpro #ysbit #NEPTUNERECOVERY",C:\Users\Asus\AppData\Local\Instaloader\Data\scamalert\2025-02-26_20-34-32_UTC.txt
scamalert,"This platform is a scam! If youâ€™re struggling to withdraw your cryptocurrencies, reach out now to recover your funds!",C:\Users\Asus\AppData\Local\Instaloader\Data\scamalert\2025-02-26_20-34-55_UTC.txt
scamalert,Think Twice Before Trusting #Lobitcoin! âš ï¸,C:\Users\Asus\AppData\Local\Instaloader\Data\scamalert\2025-02-26_20-35-00_UTC.txt
scamalert,"This platform is a scam! If youâ€™re struggling to withdraw your cryptocurrencies, reach out now to recover your funds!",C:\Users\Asus\AppData\Local\Instaloader\Data\scamalert\2025-02-26_20-35-26_UTC.txt
scamalert,âŒ AVOID #Axellbit & #Bituzer âŒ,C:\Users\Asus\AppData\Local\Instaloader\Data\scamalert\2025-02-26_20-35-48_UTC.txt
scamalert,Hi there ğŸ‘‹ having trouble withdrawing your crypto?,C:\Users\Asus\AppData\Local\Instaloader\Data\scamalert\2025-02-26_20-35-54_UTC.txt
scamalert,#insta #instagram #reelpost #reelsinstagram #reels #scams #saopaulo #scammer ##scamalert #mexico,C:\Users\Asus\AppData\Local\Instaloader\Data\scamalert\2025-02-26_20-35-58_UTC.txt
scamalert,DONâ€™T TRUST #CIVODEX!,C:\Users\Asus\AppData\Local\Instaloader\Data\scamalert\2025-02-26_20-36-28_UTC.txt
scamalert,"This platform is a scam! If youâ€™re struggling to withdraw your cryptocurrencies, reach out now to recover your funds!",C:\Users\Asus\AppData\Local\Instaloader\Data\scamalert\2025-02-26_20-37-04_UTC.txt
scamalert,ğŸš¨ WARNING: #Kresbit is scamming investors! ğŸš¨,C:\Users\Asus\AppData\Local\Instaloader\Data\scamalert\2025-02-26_20-38-18_UTC.txt
scamalert,Warning to all investors! âš ï¸,C:\Users\Asus\AppData\Local\Instaloader\Data\scamalert\2025-02-26_20-38-40_UTC.txt
scamalert,ğŸš¨ SCAM ALERT!,C:\Users\Asus\AppData\Local\Instaloader\Data\scamalert\2025-02-26_20-39-02_UTC.txt
scamalert,ğŸš¨ URGENT WARNING: #Bpstockpro is a SCAM!,C:\Users\Asus\AppData\Local\Instaloader\Data\scamalert\2025-02-26_20-39-53_UTC.txt
scamalert,"ğŸš¨ #Feedash is blocking withdrawals and stealing funds from crypto holders! If youâ€™ve lost USDT, Ethereum, or other cryptocurrencies, contact me now for expert recovery assistance!",C:\Users\Asus\AppData\Local\Instaloader\Data\scamalert\2025-02-26_20-40-26_UTC.txt
scamalert,âš ï¸ YOUR FUNDS ARE IN DANGER! âš ï¸,C:\Users\Asus\AppData\Local\Instaloader\Data\scamalert\2025-02-26_20-40-32_UTC.txt
scamalert,ğŸš¨ STAY SAFE!,C:\Users\Asus\AppData\Local\Instaloader\Data\scamalert\2025-02-26_20-40-45_UTC.txt
scamalert,ğŸš¨ URGENT ALERT: #Bpstockpro is a SCAM!,C:\Users\Asus\AppData\Local\Instaloader\Data\scamalert\2025-02-26_20-41-18_UTC.txt
scamalert,ğŸš¨ URGENT ALERT: #Bpstockpro is a SCAM!,C:\Users\Asus\AppData\Local\Instaloader\Data\scamalert\2025-02-26_20-42-29_UTC.txt
scamalert,ğŸš¨ SCAM ALERT!,C:\Users\Asus\AppData\Local\Instaloader\Data\scamalert\2025-02-26_20-43-35_UTC.txt
scamalert,ğŸš¨ SCAM ALERT!,C:\Users\Asus\AppData\Local\Instaloader\Data\scamalert\2025-02-26_20-46-07_UTC.txt
scamalert,SCAM ALERT >>> [upflyex.com],C:\Users\Asus\AppData\Local\Instaloader\Data\scamalert\2025-02-26_20-49-26_UTC.txt
scamalert,"ğŸš¨#Gatbit is scamming crypto investors! If you lost money or canâ€™t withdraw your funds, contact me now to recover them! #Crypto #Scam #CryptoScam #ScamAlert #Investmentscam #GQFX #euronext #europeanex #987btc #coinfaxpro #fascrypto #usdcbtc #brckex #brcpro #ysbit #NEPTUNERECOVERY",C:\Users\Asus\AppData\Local\Instaloader\Data\scamalert\2025-02-26_20-53-43_UTC.txt
scamalert,"Have you heard of the Grandparent Scam? Despite the name, it is a deceitful con that preys on people of any age by pretending to be a child or a legal representative who desperately needs money for bail, legal fees, or medical expenses.",C:\Users\Asus\AppData\Local\Instaloader\Data\scamalert\2025-02-26_21-01-25_UTC.txt
scamalert,ğŸš¨ STAY SAFE!,C:\Users\Asus\AppData\Local\Instaloader\Data\scamalert\2025-02-26_21-03-35_UTC.txt
scamalert,ğŸš¨ Donâ€™t Fall for the Scam! ğŸš¨,C:\Users\Asus\AppData\Local\Instaloader\Data\scamalert\2025-02-26_21-09-03_UTC.txt
scamalert,ğŸš¨ STAY SAFE!,C:\Users\Asus\AppData\Local\Instaloader\Data\scamalert\2025-02-26_21-09-07_UTC.txt
scamalert,ğŸš¨ STAY SAFE!,C:\Users\Asus\AppData\Local\Instaloader\Data\scamalert\2025-02-26_21-10-12_UTC.txt
scamalert,ğŸš¨ Fraud Alert ğŸš¨,C:\Users\Asus\AppData\Local\Instaloader\Data\scamalert\2025-02-26_21-14-59_UTC.txt
scamalert,ğŸš¨ SCAM ALERT: FEEDASH! ğŸš¨,C:\Users\Asus\AppData\Local\Instaloader\Data\scamalert\2025-02-26_21-15-53_UTC.txt
scamalert,"ğŸš¨ #Feedash is blocking withdrawals and stealing funds from crypto users! If youâ€™ve lost USDT or Ethereum, reach out to me now for professional recovery assistance!",C:\Users\Asus\AppData\Local\Instaloader\Data\scamalert\2025-02-26_21-17-50_UTC.txt
scamalert,"This platform is a scam! If youâ€™re struggling to withdraw your cryptocurrencies, reach out now to recover your funds!",C:\Users\Asus\AppData\Local\Instaloader\Data\scamalert\2025-02-26_21-18-19_UTC.txt
scamalert,Warning: #Rouidsanp & #Taireqawe are scams! âš ï¸ #Dwo is a fake coin with no withdrawal option. Dm me for help in recovering your funds! #CryptoScam #ScamAlert #CoinMGT #veridexprime #veridexfinance #cryptfinance #euronext #xrpscam #usdcbtc #brcpro #eurodex #cryptorecovery #scam,C:\Users\Asus\AppData\Local\Instaloader\Data\scamalert\2025-02-26_21-19-04_UTC.txt
scamalert,SCAM ALERT! ğŸ†˜,C:\Users\Asus\AppData\Local\Instaloader\Data\scamalert\2025-02-26_21-19-54_UTC.txt
scamalert,ğŸš¨ INVESTORS BEWARE!,C:\Users\Asus\AppData\Local\Instaloader\Data\scamalert\2025-02-26_21-25-17_UTC.txt
scamalert,"This platform is a scam! If youâ€™re struggling to withdraw your cryptocurrencies, reach out now to recover your funds!",C:\Users\Asus\AppData\Local\Instaloader\Data\scamalert\2025-02-26_21-26-45_UTC.txt
scamalert,ğŸš¨ SCAM ALERT ğŸš¨ We have been made aware of a scam impersonating Naskila Casino using fraudulent ads by 'Top Games.' Please DO NOT download the app or enter any payment information. We are actively working on this issue.,C:\Users\Asus\AppData\Local\Instaloader\Data\scamalert\2025-02-26_21-27-20_UTC.txt
scamalert,ğŸš¨ SCAM ALERT: Protect Yourself ğŸš¨,C:\Users\Asus\AppData\Local\Instaloader\Data\scamalert\2025-02-26_21-30-32_UTC.txt
scamalert,"This platform is a scam! If youâ€™re struggling to withdraw your cryptocurrencies, reach out now to recover your funds!",C:\Users\Asus\AppData\Local\Instaloader\Data\scamalert\2025-02-26_21-30-48_UTC.txt
scamalert,RB tackle is a disgrace to the fishing industry. The owner is a racist and discriminates against other lifestyles. Supporting this store and its silly scamming tournaments is not smart. But donâ€™t say I didnâ€™t warn you. Margate florida offers another shop where you will be welcomed and cared for. Check them out,C:\Users\Asus\AppData\Local\Instaloader\Data\scamalert\2025-02-26_21-56-34_UTC.txt
scamalert,Another thing Iâ€™ve realized about people who fall for scams:,C:\Users\Asus\AppData\Local\Instaloader\Data\scamalert\2025-02-26_22-01-08_UTC.txt
