url,caption,comments
https://www.instagram.com/p/DF7M-DxtGbD/,No caption,[]
https://www.instagram.com/p/DFHcTfDvx8n/,No caption,[]
https://www.instagram.com/p/DGl2SDsPJUc/,No caption,[]
https://www.instagram.com/p/DF_D9fjv1Sx/,No caption,[]
https://www.instagram.com/p/DGk9hbCoOMW/,No caption,[]
https://www.instagram.com/p/DGr82j8SL5A/,No caption,[]
https://www.instagram.com/p/DGkXFUkobNS/,No caption,[]
https://www.instagram.com/p/DGaTpl1uIhO/,No caption,[]
https://www.instagram.com/p/DFHcTfDvx8n/,No caption,[]
https://www.instagram.com/p/DGUppILvJ_B/,No caption,[]
https://www.instagram.com/p/DEJmA4RRYpH/,No caption,[]
https://www.instagram.com/p/DGqKcBmstI4/,No caption,[]
https://www.instagram.com/p/CTcobT7FJm7/,No caption,[]
https://www.instagram.com/p/DDdRxzbBJ-X/,No caption,[]
https://www.instagram.com/p/DA4iZowo1xi/,No caption,[]
https://www.instagram.com/p/CvV3NCgtREd/,No caption,[]
https://www.instagram.com/p/DBGMSjWprIm/,No caption,[]
https://www.instagram.com/p/Crm2C0GBPp-/,No caption,[]
https://www.instagram.com/p/DGsiLubRE6K/,No caption,[]
https://www.instagram.com/p/C9e0_w2sK7V/,No caption,[]
https://www.instagram.com/p/l_sOpkJ1Xk/,No caption,[]
https://www.instagram.com/p/BeIxCrkAu_a/,No caption,[]
https://www.instagram.com/p/CB67n8elJ3B/,No caption,[]
https://www.instagram.com/p/Bg3dKFElEco/,No caption,[]
https://www.instagram.com/p/CElyQg0p-ax/,No caption,[]
https://www.instagram.com/p/DAUJrixiRNW/,No caption,[]
https://www.instagram.com/p/C_YeUOTM_Vc/,No caption,[]
https://www.instagram.com/p/DA6aiz-IbBx/,No caption,[]
https://www.instagram.com/p/C9yoIpqqtL2/,No caption,[]
https://www.instagram.com/p/DGjC-K7uEeK/,No caption,[]
https://www.instagram.com/p/DEbQiWxse3A/,No caption,[]
https://www.instagram.com/p/C-qYkaqS_F4/,No caption,[]
https://www.instagram.com/p/DEbQiJaMc-i/,No caption,[]
https://www.instagram.com/p/C9UxYxGpICk/,No caption,[]
https://www.instagram.com/p/DEbQkDiMuTO/,No caption,[]
https://www.instagram.com/p/DEO9mpQvwte/,No caption,[]
https://www.instagram.com/p/B9gSiCNheQn/,No caption,[]
https://www.instagram.com/p/DCgt9ivIFE8/,No caption,[]
https://www.instagram.com/p/CMZ31hdHchr/,No caption,[]
https://www.instagram.com/p/CdtMEYyOxYz/,No caption,[]
https://www.instagram.com/p/C3hIL2ZPph4/,No caption,[]
https://www.instagram.com/p/C6xQz_Jtdrb/,No caption,[]
https://www.instagram.com/p/C6Oqld0y70J/,No caption,[]
https://www.instagram.com/p/DF5zIgJTQMP/,No caption,[]
https://www.instagram.com/p/C880Dy9RVDL/,No caption,[]
https://www.instagram.com/p/B1vfXgTA5OS/,No caption,[]
https://www.instagram.com/p/DGehqyjvJrM/,No caption,[]
https://www.instagram.com/p/DGnp7y_vMRc/,No caption,[]
https://www.instagram.com/p/CfszrKLsjDO/,No caption,[]
https://www.instagram.com/p/DE44znJN86I/,No caption,[]
https://www.instagram.com/p/CXtJAR1gqkA/,No caption,[]
https://www.instagram.com/p/C-VVPQhprAa/,No caption,[]
https://www.instagram.com/p/C3s1NnLL8BT/,No caption,[]
https://www.instagram.com/p/CsrAwx4NI_4/,No caption,[]
https://www.instagram.com/p/DGL8tdhz4i2/,No caption,[]
https://www.instagram.com/p/DFsDUp0S1IP/,No caption,[]
https://www.instagram.com/p/DEyUBezpbVe/,No caption,[]
https://www.instagram.com/p/DC-e4x9APIT/,No caption,[]
https://www.instagram.com/p/DFX56jgvPNm/,No caption,[]
https://www.instagram.com/p/DGltNUtSBTc/,No caption,[]
https://www.instagram.com/p/DFsLsyUANf5/,No caption,[]
https://www.instagram.com/p/DFF3kG7PUJR/,No caption,[]
https://www.instagram.com/p/DGU5pmoAt3i/,No caption,[]
https://www.instagram.com/p/DGaK1pJTwSE/,No caption,[]
https://www.instagram.com/p/DFeZ7cbT8HP/,No caption,[]
https://www.instagram.com/p/DFa0NnnhfaL/,No caption,[]
https://www.instagram.com/p/DEmt1Vxv_RP/,No caption,[]
https://www.instagram.com/p/DC__7qfPD8x/,No caption,[]
https://www.instagram.com/p/DDhWepbijcl/,No caption,[]
https://www.instagram.com/p/C6QdDD-tO8V/,No caption,[]
https://www.instagram.com/p/CF_cX5chdiN/,No caption,[]
https://www.instagram.com/p/DDXfG3QtcRy/,No caption,[]
https://www.instagram.com/p/DGdAKBwMg5Z/,No caption,[]
https://www.instagram.com/p/DAnviL6MyR2/,No caption,[]
https://www.instagram.com/p/DBP-ktnS3iy/,No caption,[]
https://www.instagram.com/p/BxRnkJ9AQox/,No caption,[]
https://www.instagram.com/p/CCk5jHcne0x/,No caption,[]
https://www.instagram.com/p/C_Cx9RYSUau/,No caption,[]
https://www.instagram.com/p/BqneVfAB_04/,No caption,[]
https://www.instagram.com/p/Cco8KfbMcHH/,No caption,[]
https://www.instagram.com/p/C9xQHPOuFLv/,No caption,[]
https://www.instagram.com/p/CLJAsL4JX6S/,No caption,[]
https://www.instagram.com/p/CcrrCeWByZW/,No caption,[]
https://www.instagram.com/p/B8gEipgAk-y/,No caption,[]
https://www.instagram.com/p/CsvIEVfNts7/,No caption,[]
https://www.instagram.com/p/CyON-jbR9ff/,No caption,[]
https://www.instagram.com/p/CV3LKeEsai1/,No caption,[]
https://www.instagram.com/p/CpA2LIStS7w/,No caption,[]
https://www.instagram.com/p/Bxk0JaWl-U0/,No caption,[]
https://www.instagram.com/p/B4NEWGVn1dR/,No caption,[]
https://www.instagram.com/p/C6s4CYfS2wi/,No caption,[]
https://www.instagram.com/p/CKirgkRhlPX/,No caption,[]
https://www.instagram.com/p/B79AjlFFHdS/,No caption,[]
https://www.instagram.com/p/CNsdsfTDK-S/,No caption,[]
https://www.instagram.com/p/CwJ-J16y8F4/,No caption,[]
https://www.instagram.com/p/C1CnF-biq7J/,No caption,[]
https://www.instagram.com/p/CAiTPzjAO5Y/,No caption,[]
https://www.instagram.com/p/COMKOAlAd4n/,No caption,[]
https://www.instagram.com/p/DFeV4ycJPM1/,No caption,[]
https://www.instagram.com/p/C37FqrACZS5/,No caption,[]
https://www.instagram.com/p/CcdQJyiJQq8/,No caption,[]
https://www.instagram.com/p/CPiwa_kgz2z/,No caption,[]
https://www.instagram.com/p/CuW71mogThc/,No caption,[]
https://www.instagram.com/p/CeOI71chFIH/,No caption,[]
https://www.instagram.com/p/C-sKIjfOiho/,No caption,[]
https://www.instagram.com/p/C-PT-pNvmAq/,No caption,[]
https://www.instagram.com/p/DCZVgfUBObf/,No caption,[]
https://www.instagram.com/p/CT9sHyAA76U/,No caption,[]
https://www.instagram.com/p/C9L3NLxoktM/,No caption,[]
https://www.instagram.com/p/C6nWra1RoJW/,No caption,[]
https://www.instagram.com/p/CvRygvMMjBd/,No caption,[]
https://www.instagram.com/p/C9CmFIaRAyI/,No caption,[]
https://www.instagram.com/p/CrNIi9KpGmq/,No caption,[]
https://www.instagram.com/p/DGN_I99ppud/,No caption,[]
https://www.instagram.com/p/DFsBkSPNU61/,No caption,[]
https://www.instagram.com/p/DGkdHg-zG94/,No caption,[]
https://www.instagram.com/p/DGnvhTNTmJu/,No caption,[]
https://www.instagram.com/p/C5laqVKo0kH/,No caption,[]
https://www.instagram.com/p/CU-g8s4Nuvd/,No caption,[]
https://www.instagram.com/p/DGYZSy8t50d/,No caption,[]
https://www.instagram.com/p/DGnvhTNTmJu/,No caption,[]
https://www.instagram.com/p/CWfze_Ms9ot/,No caption,[]
https://www.instagram.com/p/CJszr2rAcjh/,No caption,[]
https://www.instagram.com/p/COvKQyKhMKP/,No caption,[]
https://www.instagram.com/p/DAoYJGGN5s-/,No caption,[]
https://www.instagram.com/p/Cs-YhfDuEJC/,No caption,[]
https://www.instagram.com/p/C5nEQaXIbrC/,No caption,[]
https://www.instagram.com/p/C3tRzLAIZ__/,No caption,[]
https://www.instagram.com/p/DCIyJT9CPfq/,No caption,[]
https://www.instagram.com/p/Cm_uluGNVB8/,No caption,[]
https://www.instagram.com/p/DCPKfwAA3Jq/,No caption,[]
https://www.instagram.com/p/CwHVHF9smmf/,No caption,[]
https://www.instagram.com/p/DGkdHg-zG94/,No caption,[]
https://www.instagram.com/p/DDRqBoNzpRX/,No caption,[]
https://www.instagram.com/p/CI5ZuMkplyZ/,No caption,[]
https://www.instagram.com/p/C-abPFyCC0J/,No caption,[]
https://www.instagram.com/p/B8QmTYdljYB/,No caption,[]
https://www.instagram.com/p/CXQPgeEgS53/,No caption,[]
https://www.instagram.com/p/DGTPdRQo-yu/,No caption,[]
https://www.instagram.com/p/DDwPClXTG0D/,No caption,[]
https://www.instagram.com/p/DEzC4OGxjGw/,No caption,[]
https://www.instagram.com/p/DGFPAlozWyH/,No caption,[]
https://www.instagram.com/p/DF7D9hvKrP2/,No caption,[]
https://www.instagram.com/p/BXImexBFGmE/,No caption,[]
https://www.instagram.com/p/CedKMC0rjEI/,No caption,[]
https://www.instagram.com/p/CsGhbd9RBGa/,No caption,[]
https://www.instagram.com/p/C5GcRi0tkeI/,No caption,[]
https://www.instagram.com/p/CC59tC3l9ww/,No caption,[]
https://www.instagram.com/p/DAK1AACMnGk/,No caption,[]
https://www.instagram.com/p/CsT_gMTS6RU/,No caption,[]
https://www.instagram.com/p/ClYfytKsuFr/,No caption,[]
https://www.instagram.com/p/Bhst6TsBdDO/,No caption,[]
https://www.instagram.com/p/CYa_n6YF4_b/,No caption,[]
https://www.instagram.com/p/DE-MAGlzrHt/,No caption,[]
https://www.instagram.com/p/DB36f4bt5kd/,No caption,[]
https://www.instagram.com/p/BuJ3XTpje1g/,No caption,[]
https://www.instagram.com/p/BaTgvJAgSC-/,No caption,[]
https://www.instagram.com/p/DDpNVBRTlOn/,No caption,[]
https://www.instagram.com/p/CGlI7BwlWTN/,No caption,[]
https://www.instagram.com/p/CMNNIxdjUph/,No caption,[]
https://www.instagram.com/p/B9w7hW4FBRw/,No caption,[]
https://www.instagram.com/p/B9KgRY1AZJi/,No caption,[]
https://www.instagram.com/p/CCZgtQhlbSv/,No caption,[]
https://www.instagram.com/p/ClWRxFMNTF_/,No caption,[]
https://www.instagram.com/p/Co0KLJAtu_n/,No caption,[]
https://www.instagram.com/p/ClzgtUztS4h/,No caption,[]
https://www.instagram.com/p/C4XQxc0oFWl/,No caption,[]
https://www.instagram.com/p/C9QBwrOsKng/,No caption,[]
https://www.instagram.com/p/B6kkzDwl53v/,No caption,[]
https://www.instagram.com/p/DAaMD3STtfD/,No caption,[]
https://www.instagram.com/p/DBig91rCBC7/,No caption,[]
https://www.instagram.com/p/CVlAfdcFko2/,No caption,[]
https://www.instagram.com/p/CCTMmZbFwnS/,No caption,[]
https://www.instagram.com/p/Cj9E7LqMUbK/,No caption,[]
https://www.instagram.com/p/CM4pTTuq6_6/,No caption,[]
https://www.instagram.com/p/CZkZCSOPsvS/,No caption,[]
https://www.instagram.com/p/COA-OeZqCfD/,No caption,[]
https://www.instagram.com/p/C-FxyP1TCD_/,No caption,[]
https://www.instagram.com/p/DFt9JF0OJ8z/,No caption,[]
https://www.instagram.com/p/C-xWfakPsUr/,No caption,[]
https://www.instagram.com/p/Cx3YacfIs_Z/,No caption,[]
https://www.instagram.com/p/CUVsyBeL4Pe/,No caption,[]
https://www.instagram.com/p/C6gahb5IMVB/,No caption,[]
https://www.instagram.com/p/DAoVfcksYLa/,No caption,[]
https://www.instagram.com/p/3eMOp-Lzv5/,No caption,[]
https://www.instagram.com/p/CRqrfJig6Wa/,No caption,[]
https://www.instagram.com/p/CQWT-6Qln05/,No caption,[]
https://www.instagram.com/p/B_xC1vRBbZK/,No caption,[]
https://www.instagram.com/p/CClkiWRnqUq/,No caption,[]
https://www.instagram.com/p/BtqIjnGh41-/,No caption,[]
https://www.instagram.com/p/CJN9MrFlvsK/,No caption,[]
https://www.instagram.com/p/CXFFpBZPk1G/,No caption,[]
https://www.instagram.com/p/C0WnP7hytIn/,No caption,[]
https://www.instagram.com/p/BtW0DXTAu35/,No caption,[]
https://www.instagram.com/p/BEgQK3NQNI7/,No caption,[]
https://www.instagram.com/p/B76645FlQtC/,No caption,[]
https://www.instagram.com/p/BB8PlbJoRRm/,No caption,[]
https://www.instagram.com/p/BnUUcFkB7z-/,No caption,[]
https://www.instagram.com/p/3YhRDbmMZX/,No caption,[]
https://www.instagram.com/p/CMykNs_FqGn/,No caption,[]
https://www.instagram.com/p/Cda8qhwt2Q6/,No caption,[]
https://www.instagram.com/p/CFADXsNhvc_/,No caption,[]
https://www.instagram.com/p/Btf-43KB8Dx/,No caption,[]
https://www.instagram.com/p/Cs7GlNWrVQ0/,No caption,[]
https://www.instagram.com/p/CmyfoyuMgfP/,No caption,[]
https://www.instagram.com/p/C77JanbsdGg/,No caption,[]
https://www.instagram.com/p/ChvtxVOLbyI/,No caption,[]
https://www.instagram.com/p/B3HACwqlEO2/,No caption,[]
https://www.instagram.com/p/CV7NksoojG7/,No caption,[]
https://www.instagram.com/p/C0l8J1OP0eI/,No caption,[]
https://www.instagram.com/p/B_6fmTnguQ8/,No caption,[]
https://www.instagram.com/p/CkKp4dfPJ90/,No caption,[]
https://www.instagram.com/p/CzkvJdjSMm4/,No caption,[]
https://www.instagram.com/p/C--VSaUtzfl/,No caption,[]
https://www.instagram.com/p/CqBFahgvsIP/,No caption,[]
https://www.instagram.com/p/CZHk-vzLi37/,No caption,[]
https://www.instagram.com/p/Cql4OMIPJl2/,No caption,[]
https://www.instagram.com/p/DEe6ZXDpgDI/,No caption,[]
https://www.instagram.com/p/C3amwR_BTtv/,No caption,[]
https://www.instagram.com/p/DFwQljqoWfE/,No caption,[]
https://www.instagram.com/p/C-Z6CsyqqJB/,No caption,[]
https://www.instagram.com/p/DGe60ZcRfYr/,No caption,[]
https://www.instagram.com/p/DGK3nTrvyY1/,No caption,[]
https://www.instagram.com/p/DFj0IyAMgCu/,No caption,[]
https://www.instagram.com/p/C_LQqhyB0HS/,No caption,[]
https://www.instagram.com/p/CU33Y4xpqBt/,No caption,[]
https://www.instagram.com/p/DGNfsz3Ith2/,No caption,[]
https://www.instagram.com/p/CXvMUVHMOF0/,No caption,[]
https://www.instagram.com/p/CcUqsQGhHMf/,No caption,[]
https://www.instagram.com/p/B_KHfXkAJyk/,No caption,[]
https://www.instagram.com/p/CsnhfcrBvY1/,No caption,[]
https://www.instagram.com/p/DFwkTAeo4Yu/,No caption,[]
https://www.instagram.com/p/COVJXApjiB7/,No caption,[]
https://www.instagram.com/p/CPiVWyar47N/,No caption,[]
https://www.instagram.com/p/CNmO8p1rSMd/,No caption,[]
https://www.instagram.com/p/CCcE1LqIAz8/,No caption,[]
https://www.instagram.com/p/CCSHOaant0q/,No caption,[]
https://www.instagram.com/p/CI8p2RrniBz/,No caption,[]
https://www.instagram.com/p/CKkXCRuF67y/,No caption,[]
https://www.instagram.com/p/CmF2cZuMVp-/,No caption,[]
https://www.instagram.com/p/B5RczD_nhZw/,No caption,[]
https://www.instagram.com/p/DGlCP8Nz5SQ/,No caption,[]
https://www.instagram.com/p/DByucSBvPL0/,No caption,[]
https://www.instagram.com/p/DDT6xV4NMzO/,No caption,[]
https://www.instagram.com/p/DEfeNtSMA5x/,No caption,[]
https://www.instagram.com/p/C5V5q9Poa15/,No caption,[]
https://www.instagram.com/p/CqAow8yrpk_/,No caption,[]
https://www.instagram.com/p/CvCEUalJVOb/,No caption,[]
https://www.instagram.com/p/DCJzc_4unJ8/,No caption,[]
https://www.instagram.com/p/DAGDeKNhu8g/,No caption,[]
https://www.instagram.com/p/DGjioDXuy8X/,No caption,[]
https://www.instagram.com/p/DCem-nDvUOA/,No caption,[]
https://www.instagram.com/p/DEcAbe3xE8k/,No caption,[]
https://www.instagram.com/p/Bk51kKTFkKv/,No caption,[]
https://www.instagram.com/p/DAA7jvxRQnF/,No caption,[]
https://www.instagram.com/p/Ch_un3ZoTyB/,No caption,[]
https://www.instagram.com/p/BkYCxLLFqGK/,No caption,[]
https://www.instagram.com/p/BlnxwwAlZd-/,No caption,[]
https://www.instagram.com/p/DGDdsTzN9Kk/,No caption,[]
https://www.instagram.com/p/CohOO0DPvzQ/,No caption,[]
https://www.instagram.com/p/DBY8kb1IXyW/,No caption,[]
https://www.instagram.com/p/B8hFb-EDE1i/,No caption,[]
https://www.instagram.com/p/CKR0iz7nNdc/,No caption,[]
https://www.instagram.com/p/DE8jyirPFTB/,No caption,[]
https://www.instagram.com/p/DF4yMgntCge/,No caption,[]
https://www.instagram.com/p/CYw7fV-P6NZ/,No caption,[]
https://www.instagram.com/p/DA6aiz-IbBx/,No caption,[]
https://www.instagram.com/p/CWsjuqKoDG-/,No caption,[]
https://www.instagram.com/p/CuzK1H9sstk/,No caption,[]
https://www.instagram.com/p/C6n6hIxNMPD/,No caption,[]
https://www.instagram.com/p/C3Z60wnPVv4/,No caption,[]
https://www.instagram.com/p/DBlZ0alsH94/,No caption,[]
https://www.instagram.com/p/CxjBI7bh8jA/,No caption,[]
https://www.instagram.com/p/CGxySBkhfmi/,No caption,[]
https://www.instagram.com/p/Cs_VHONOxIY/,No caption,[]
https://www.instagram.com/p/Ck2KTXbMMCO/,No caption,[]
https://www.instagram.com/p/B3EcUZgncIn/,No caption,[]
https://www.instagram.com/p/ChIBJDmDcni/,No caption,[]
https://www.instagram.com/p/CB3OvlVHgnV/,No caption,[]
https://www.instagram.com/p/CaUuorstt7l/,No caption,[]
https://www.instagram.com/p/DGQWtbUzuTh/,No caption,[]
https://www.instagram.com/p/CWwVn9CBqS2/,No caption,[]
https://www.instagram.com/p/DCHtvHaTxSN/,No caption,[]
https://www.instagram.com/p/B1hwWNyDn1x/,No caption,[]
https://www.instagram.com/p/DGPzW5ATxf1/,No caption,[]
https://www.instagram.com/p/BSkSXnMgrOj/,No caption,[]
https://www.instagram.com/p/B3Nhtq9Bh2g/,No caption,[]
https://www.instagram.com/p/C9Ue7I8Beii/,No caption,[]
https://www.instagram.com/p/Bop8crUnUi9/,No caption,[]
https://www.instagram.com/p/BjLtamUn-b5/,No caption,[]
https://www.instagram.com/p/B1BdQrcAEKA/,No caption,[]
https://www.instagram.com/p/CFjhrbODN28/,No caption,[]
https://www.instagram.com/p/CUK4rVfKuS7/,No caption,[]
https://www.instagram.com/p/BcYP70KFDgF/,No caption,[]
https://www.instagram.com/p/BwNLL4hDT7i/,No caption,[]
https://www.instagram.com/p/B_kRAOpj-Wc/,No caption,[]
https://www.instagram.com/p/CxFRP_0PMgW/,No caption,[]
https://www.instagram.com/p/BxQtwBagJE8/,No caption,[]
https://www.instagram.com/p/DBRWeqFur9k/,No caption,[]
https://www.instagram.com/p/C-54SDCvINd/,No caption,[]
https://www.instagram.com/p/C1CRE4kouzw/,No caption,[]
https://www.instagram.com/p/DBZljbpBcbc/,No caption,[]
https://www.instagram.com/p/BYCbjqwF5o8/,No caption,[]
https://www.instagram.com/p/DGs8ioII4iM/,No caption,[]
https://www.instagram.com/p/DGXtGYXxjfa/,No caption,[]
https://www.instagram.com/p/DFKwxdOCKpC/,No caption,[]
https://www.instagram.com/p/DGnvhTNTmJu/,No caption,[]
https://www.instagram.com/p/DGlpzcMCg9Y/,No caption,[]
https://www.instagram.com/p/Bi0bCmxgtrx/,No caption,[]
https://www.instagram.com/p/CT7YHWpscSQ/,No caption,[]
https://www.instagram.com/p/CVuhbFTM3pJ/,No caption,[]
https://www.instagram.com/p/Bi8JbLQgiw3/,No caption,[]
https://www.instagram.com/p/Bkz4c5_gQ9d/,No caption,[]
https://www.instagram.com/p/C3Zv0g6rmRr/,No caption,[]
https://www.instagram.com/p/C9867Nyyj2h/,No caption,[]
https://www.instagram.com/p/Cj5YscLs_Hj/,No caption,[]
https://www.instagram.com/p/C8TiKPpuq56/,No caption,[]
https://www.instagram.com/p/CetoWqIs8Gy/,No caption,[]
https://www.instagram.com/p/Cxssm1YCmZ2/,No caption,[]
https://www.instagram.com/p/Cib0_LKhyQY/,No caption,[]
https://www.instagram.com/p/C1znqGgAvgQ/,No caption,[]
https://www.instagram.com/p/C3kwWArtzK8/,No caption,[]
https://www.instagram.com/p/DFfgTFWPVK-/,No caption,[]
https://www.instagram.com/p/Cpsvby8vBJc/,No caption,[]
https://www.instagram.com/p/DFKQxC9oaUT/,No caption,[]
https://www.instagram.com/p/C9Bjnj1OdDE/,No caption,[]
https://www.instagram.com/p/B-j5sP6g5Le/,No caption,[]
https://www.instagram.com/p/Cq5pG7qqYW7/,No caption,[]
https://www.instagram.com/p/DCQEr71isqd/,No caption,[]
https://www.instagram.com/p/CbptT-TpbNi/,No caption,[]
https://www.instagram.com/p/DEVNuC2s6Wz/,No caption,[]
https://www.instagram.com/p/DCpTD9kOUOl/,No caption,[]
https://www.instagram.com/p/CupEomwLVMC/,No caption,[]
https://www.instagram.com/p/CLo_mPKnX50/,No caption,[]
https://www.instagram.com/p/DGHd5KiNwLx/,No caption,[]
https://www.instagram.com/p/CSOAHzgliYb/,No caption,[]
https://www.instagram.com/p/COpyFCfF1JP/,No caption,[]
